발생연도,성별,국제질병분류,암종,발생자수,조발생률,연령표준화발생률
1999,남녀전체,C00-C96,모든암,101856,216.0,402.7
1999,남녀전체,C00-C14,"입술, 구강 및 인두",1740,3.7,6.6
1999,남녀전체,C15,식도,1862,3.9,8.2
1999,남녀전체,C16,위,20901,44.3,86.0
1999,남녀전체,C18-C20,대장,9784,20.7,40.8
1999,남녀전체,C22,간,13262,28.1,52.4
1999,남녀전체,C23-C24,담낭 및 기타담도,3047,6.5,14.0
1999,남녀전체,C25,췌장,2614,5.5,11.7
1999,남녀전체,C32,후두,1101,2.3,4.8
1999,남녀전체,C33-C34,폐,13225,28.0,59.8
1999,남녀전체,C50,유방,5890,12.5,17.2
1999,남녀전체,C53,자궁경부,4489,9.5,14.2
1999,남녀전체,C54,자궁체부,728,1.5,2.4
1999,남녀전체,C56,난소,1353,2.9,4.5
1999,남녀전체,C61,전립선,1454,3.1,7.4
1999,남녀전체,C62,고환,129,0.3,0.2
1999,남녀전체,C64,신장,1416,3.0,5.3
1999,남녀전체,C67,방광,2196,4.7,9.8
1999,남녀전체,C70-C72,뇌 및 중추신경계,1359,2.9,4.1
1999,남녀전체,C73,갑상선,3408,7.2,9.8
1999,남녀전체,C81,호지킨림프종,122,0.3,0.3
1999,남녀전체,"C82-C86,C96",비호지킨림프종,2064,4.4,7.1
1999,남녀전체,C90,다발성 골수종,468,1.0,1.9
1999,남녀전체,C91-C95,백혈병,2167,4.6,6.1
1999,남녀전체,Re.C00-C96,기타 암,7077,15.0,27.8
1999,남자,C00-C96,모든암,57880,244.4,573.3
1999,남자,C00-C14,"입술, 구강 및 인두",1307,5.5,11.7
1999,남자,C15,식도,1706,7.2,18.2
1999,남자,C16,위,13565,57.3,133.3
1999,남자,C18-C20,대장,5340,22.6,53.6
1999,남자,C22,간,10022,42.3,88.6
1999,남자,C23-C24,담낭 및 기타담도,1568,6.6,18.0
1999,남자,C25,췌장,1530,6.5,16.6
1999,남자,C32,후두,975,4.1,10.3
1999,남자,C33-C34,폐,9741,41.1,109.6
1999,남자,C50,유방,41,0.2,0.4
1999,남자,C53,자궁경부,0,,
1999,남자,C54,자궁체부,0,,
1999,남자,C56,난소,0,,
1999,남자,C61,전립선,1454,6.1,21.0
1999,남자,C62,고환,129,0.5,0.5
1999,남자,C64,신장,976,4.1,8.6
1999,남자,C67,방광,1745,7.4,19.6
1999,남자,C70-C72,뇌 및 중추신경계,711,3.0,4.6
1999,남자,C73,갑상선,518,2.2,3.3
1999,남자,C81,호지킨림프종,85,0.4,0.6
1999,남자,"C82-C86,C96",비호지킨림프종,1226,5.2,9.5
1999,남자,C90,다발성 골수종,256,1.1,2.4
1999,남자,C91-C95,백혈병,1217,5.1,7.5
1999,남자,Re.C00-C96,기타 암,3768,15.9,35.6
1999,여자,C00-C96,모든암,43976,187.3,294.7
1999,여자,C00-C14,"입술, 구강 및 인두",433,1.8,2.8
1999,여자,C15,식도,156,0.7,1.3
1999,여자,C16,위,7336,31.2,52.6
1999,여자,C18-C20,대장,4444,18.9,32.5
1999,여자,C22,간,3240,13.8,24.1
1999,여자,C23-C24,담낭 및 기타담도,1479,6.3,11.6
1999,여자,C25,췌장,1084,4.6,8.5
1999,여자,C32,후두,126,0.5,1.0
1999,여자,C33-C34,폐,3484,14.8,27.0
1999,여자,C50,유방,5849,24.9,33.0
1999,여자,C53,자궁경부,4489,19.1,26.6
1999,여자,C54,자궁체부,728,3.1,4.6
1999,여자,C56,난소,1353,5.8,8.2
1999,여자,C61,전립선,0,,
1999,여자,C62,고환,0,,
1999,여자,C64,신장,440,1.9,3.0
1999,여자,C67,방광,451,1.9,3.5
1999,여자,C70-C72,뇌 및 중추신경계,648,2.8,3.7
1999,여자,C73,갑상선,2890,12.3,15.8
1999,여자,C81,호지킨림프종,37,0.2,0.2
1999,여자,"C82-C86,C96",비호지킨림프종,838,3.6,5.3
1999,여자,C90,다발성 골수종,212,0.9,1.6
1999,여자,C91-C95,백혈병,950,4.0,5.1
1999,여자,Re.C00-C96,기타 암,3309,14.1,22.8
2000,남녀전체,C00-C96,모든암,103129,217.0,395.7
2000,남녀전체,C00-C14,"입술, 구강 및 인두",2214,4.7,9.2
2000,남녀전체,C15,식도,1767,3.7,7.6
2000,남녀전체,C16,위,21090,44.4,83.3
2000,남녀전체,C18-C20,대장,10501,22.1,42.2
2000,남녀전체,C22,간,13091,27.5,50.2
2000,남녀전체,C23-C24,담낭 및 기타담도,3130,6.6,14.0
2000,남녀전체,C25,췌장,2711,5.7,11.6
2000,남녀전체,C32,후두,1046,2.2,4.3
2000,남녀전체,C33-C34,폐,13415,28.2,58.9
2000,남녀전체,C50,유방,6104,12.8,17.5
2000,남녀전체,C53,자궁경부,4356,9.2,13.7
2000,남녀전체,C54,자궁체부,727,1.5,2.3
2000,남녀전체,C56,난소,1307,2.7,4.1
2000,남녀전체,C61,전립선,1372,2.9,6.7
2000,남녀전체,C62,고환,134,0.3,0.2
2000,남녀전체,C64,신장,1461,3.1,5.2
2000,남녀전체,C67,방광,2263,4.8,9.8
2000,남녀전체,C70-C72,뇌 및 중추신경계,1353,2.8,4.0
2000,남녀전체,C73,갑상선,3439,7.2,9.7
2000,남녀전체,C81,호지킨림프종,134,0.3,0.4
2000,남녀전체,"C82-C86,C96",비호지킨림프종,2008,4.2,6.8
2000,남녀전체,C90,다발성 골수종,492,1.0,1.9
2000,남녀전체,C91-C95,백혈병,2039,4.3,5.5
2000,남녀전체,Re.C00-C96,기타 암,6975,14.7,26.6
2000,남자,C00-C96,모든암,58552,245.4,560.0
2000,남자,C00-C14,"입술, 구강 및 인두",1497,6.3,14.8
2000,남자,C15,식도,1602,6.7,16.6
2000,남자,C16,위,13904,58.3,130.7
2000,남자,C18-C20,대장,5864,24.6,55.6
2000,남자,C22,간,9882,41.4,84.3
2000,남자,C23-C24,담낭 및 기타담도,1554,6.5,17.2
2000,남자,C25,췌장,1578,6.6,16.1
2000,남자,C32,후두,952,4.0,9.3
2000,남자,C33-C34,폐,9816,41.1,107.8
2000,남자,C50,유방,59,0.2,0.5
2000,남자,C53,자궁경부,0,,
2000,남자,C54,자궁체부,0,,
2000,남자,C56,난소,0,,
2000,남자,C61,전립선,1372,5.7,18.5
2000,남자,C62,고환,134,0.6,0.5
2000,남자,C64,신장,993,4.2,8.2
2000,남자,C67,방광,1807,7.6,19.7
2000,남자,C70-C72,뇌 및 중추신경계,715,3.0,4.6
2000,남자,C73,갑상선,504,2.1,3.4
2000,남자,C81,호지킨림프종,90,0.4,0.5
2000,남자,"C82-C86,C96",비호지킨림프종,1203,5.0,9.1
2000,남자,C90,다발성 골수종,275,1.2,2.5
2000,남자,C91-C95,백혈병,1128,4.7,6.9
2000,남자,Re.C00-C96,기타 암,3623,15.2,33.1
2000,여자,C00-C96,모든암,44577,188.3,290.6
2000,여자,C00-C14,"입술, 구강 및 인두",717,3.0,5.2
2000,여자,C15,식도,165,0.7,1.3
2000,여자,C16,위,7186,30.4,49.6
2000,여자,C18-C20,대장,4637,19.6,32.9
2000,여자,C22,간,3209,13.6,23.1
2000,여자,C23-C24,담낭 및 기타담도,1576,6.7,12.0
2000,여자,C25,췌장,1133,4.8,8.5
2000,여자,C32,후두,94,0.4,0.7
2000,여자,C33-C34,폐,3599,15.2,27.1
2000,여자,C50,유방,6045,25.5,33.4
2000,여자,C53,자궁경부,4356,18.4,25.5
2000,여자,C54,자궁체부,727,3.1,4.4
2000,여자,C56,난소,1307,5.5,7.6
2000,여자,C61,전립선,0,,
2000,여자,C62,고환,0,,
2000,여자,C64,신장,468,2.0,3.0
2000,여자,C67,방광,456,1.9,3.5
2000,여자,C70-C72,뇌 및 중추신경계,638,2.7,3.5
2000,여자,C73,갑상선,2935,12.4,15.6
2000,여자,C81,호지킨림프종,44,0.2,0.2
2000,여자,"C82-C86,C96",비호지킨림프종,805,3.4,5.1
2000,여자,C90,다발성 골수종,217,0.9,1.5
2000,여자,C91-C95,백혈병,911,3.8,4.5
2000,여자,Re.C00-C96,기타 암,3352,14.2,22.4
2001,남녀전체,C00-C96,모든암,112449,234.9,414.9
2001,남녀전체,C00-C14,"입술, 구강 및 인두",1866,3.9,6.7
2001,남녀전체,C15,식도,1919,4.0,7.9
2001,남녀전체,C16,위,22611,47.2,86.1
2001,남녀전체,C18-C20,대장,11781,24.6,46.1
2001,남녀전체,C22,간,13828,28.9,51.4
2001,남녀전체,C23-C24,담낭 및 기타담도,3431,7.2,14.9
2001,남녀전체,C25,췌장,2786,5.8,11.6
2001,남녀전체,C32,후두,1179,2.5,4.7
2001,남녀전체,C33-C34,폐,14182,29.6,59.8
2001,남녀전체,C50,유방,7358,15.4,20.6
2001,남녀전체,C53,자궁경부,4660,9.7,14.2
2001,남녀전체,C54,자궁체부,839,1.8,2.6
2001,남녀전체,C56,난소,1351,2.8,4.2
2001,남녀전체,C61,전립선,1872,3.9,8.7
2001,남녀전체,C62,고환,144,0.3,0.2
2001,남녀전체,C64,신장,1675,3.5,5.8
2001,남녀전체,C67,방광,2513,5.2,10.5
2001,남녀전체,C70-C72,뇌 및 중추신경계,1380,2.9,3.9
2001,남녀전체,C73,갑상선,4512,9.4,12.1
2001,남녀전체,C81,호지킨림프종,147,0.3,0.4
2001,남녀전체,"C82-C86,C96",비호지킨림프종,2201,4.6,7.2
2001,남녀전체,C90,다발성 골수종,565,1.2,2.2
2001,남녀전체,C91-C95,백혈병,2248,4.7,6.0
2001,남녀전체,Re.C00-C96,기타 암,7401,15.5,27.1
2001,남자,C00-C96,모든암,63255,263.2,580.8
2001,남자,C00-C14,"입술, 구강 및 인두",1388,5.8,11.7
2001,남자,C15,식도,1742,7.2,17.2
2001,남자,C16,위,14917,62.1,134.3
2001,남자,C18-C20,대장,6576,27.4,60.5
2001,남자,C22,간,10390,43.2,85.5
2001,남자,C23-C24,담낭 및 기타담도,1711,7.1,18.3
2001,남자,C25,췌장,1589,6.6,16.0
2001,남자,C32,후두,1088,4.5,10.3
2001,남자,C33-C34,폐,10507,43.7,110.2
2001,남자,C50,유방,50,0.2,0.5
2001,남자,C53,자궁경부,0,,
2001,남자,C54,자궁체부,0,,
2001,남자,C56,난소,0,,
2001,남자,C61,전립선,1872,7.8,24.0
2001,남자,C62,고환,144,0.6,0.5
2001,남자,C64,신장,1139,4.7,8.8
2001,남자,C67,방광,1984,8.3,20.7
2001,남자,C70-C72,뇌 및 중추신경계,733,3.1,4.4
2001,남자,C73,갑상선,631,2.6,4.0
2001,남자,C81,호지킨림프종,100,0.4,0.5
2001,남자,"C82-C86,C96",비호지킨림프종,1304,5.4,9.6
2001,남자,C90,다발성 골수종,313,1.3,2.9
2001,남자,C91-C95,백혈병,1241,5.2,7.4
2001,남자,Re.C00-C96,기타 암,3836,16.0,33.5
2001,여자,C00-C96,모든암,49194,206.3,309.1
2001,여자,C00-C14,"입술, 구강 및 인두",478,2.0,2.9
2001,여자,C15,식도,177,0.7,1.4
2001,여자,C16,위,7694,32.3,51.3
2001,여자,C18-C20,대장,5205,21.8,36.0
2001,여자,C22,간,3438,14.4,24.1
2001,여자,C23-C24,담낭 및 기타담도,1720,7.2,12.7
2001,여자,C25,췌장,1197,5.0,8.7
2001,여자,C32,후두,91,0.4,0.7
2001,여자,C33-C34,폐,3675,15.4,26.7
2001,여자,C50,유방,7308,30.6,39.4
2001,여자,C53,자궁경부,4660,19.5,26.5
2001,여자,C54,자궁체부,839,3.5,5.0
2001,여자,C56,난소,1351,5.7,7.7
2001,여자,C61,전립선,0,,
2001,여자,C62,고환,0,,
2001,여자,C64,신장,536,2.2,3.4
2001,여자,C67,방광,529,2.2,3.9
2001,여자,C70-C72,뇌 및 중추신경계,647,2.7,3.5
2001,여자,C73,갑상선,3881,16.3,19.8
2001,여자,C81,호지킨림프종,47,0.2,0.2
2001,여자,"C82-C86,C96",비호지킨림프종,897,3.8,5.5
2001,여자,C90,다발성 골수종,252,1.1,1.8
2001,여자,C91-C95,백혈병,1007,4.2,5.0
2001,여자,Re.C00-C96,기타 암,3565,15.0,22.9
2002,남녀전체,C00-C96,모든암,118774,246.8,425.1
2002,남녀전체,C00-C14,"입술, 구강 및 인두",1996,4.1,6.9
2002,남녀전체,C15,식도,1954,4.1,7.8
2002,남녀전체,C16,위,23303,48.4,86.3
2002,남녀전체,C18-C20,대장,13244,27.5,50.0
2002,남녀전체,C22,간,13996,29.1,50.4
2002,남녀전체,C23-C24,담낭 및 기타담도,3569,7.4,15.0
2002,남녀전체,C25,췌장,3069,6.4,12.4
2002,남녀전체,C32,후두,1133,2.4,4.4
2002,남녀전체,C33-C34,폐,14962,31.1,61.2
2002,남녀전체,C50,유방,8311,17.3,22.6
2002,남녀전체,C53,자궁경부,4497,9.3,13.4
2002,남녀전체,C54,자궁체부,945,2.0,2.9
2002,남녀전체,C56,난소,1473,3.1,4.5
2002,남녀전체,C61,전립선,2148,4.5,9.5
2002,남녀전체,C62,고환,155,0.3,0.3
2002,남녀전체,C64,신장,1782,3.7,6.1
2002,남녀전체,C67,방광,2508,5.2,10.2
2002,남녀전체,C70-C72,뇌 및 중추신경계,1311,2.7,3.6
2002,남녀전체,C73,갑상선,5564,11.6,14.7
2002,남녀전체,C81,호지킨림프종,145,0.3,0.4
2002,남녀전체,"C82-C86,C96",비호지킨림프종,2194,4.6,6.9
2002,남녀전체,C90,다발성 골수종,569,1.2,2.1
2002,남녀전체,C91-C95,백혈병,2360,4.9,6.3
2002,남녀전체,Re.C00-C96,기타 암,7586,15.8,27.1
2002,남자,C00-C96,모든암,66266,274.4,592.6
2002,남자,C00-C14,"입술, 구강 및 인두",1499,6.2,12.3
2002,남자,C15,식도,1793,7.4,17.4
2002,남자,C16,위,15314,63.4,135.2
2002,남자,C18-C20,대장,7562,31.3,67.9
2002,남자,C22,간,10513,43.5,83.9
2002,남자,C23-C24,담낭 및 기타담도,1759,7.3,18.2
2002,남자,C25,췌장,1761,7.3,16.9
2002,남자,C32,후두,1040,4.3,9.6
2002,남자,C33-C34,폐,11013,45.6,111.7
2002,남자,C50,유방,63,0.3,0.5
2002,남자,C53,자궁경부,0,,
2002,남자,C54,자궁체부,0,,
2002,남자,C56,난소,0,,
2002,남자,C61,전립선,2148,8.9,26.2
2002,남자,C62,고환,155,0.6,0.6
2002,남자,C64,신장,1209,5.0,9.2
2002,남자,C67,방광,1971,8.2,20.0
2002,남자,C70-C72,뇌 및 중추신경계,687,2.8,4.0
2002,남자,C73,갑상선,730,3.0,4.4
2002,남자,C81,호지킨림프종,83,0.3,0.5
2002,남자,"C82-C86,C96",비호지킨림프종,1292,5.3,9.2
2002,남자,C90,다발성 골수종,328,1.4,2.8
2002,남자,C91-C95,백혈병,1359,5.6,8.2
2002,남자,Re.C00-C96,기타 암,3987,16.5,33.9
2002,여자,C00-C96,모든암,52508,219.0,320.3
2002,여자,C00-C14,"입술, 구강 및 인두",497,2.1,3.0
2002,여자,C15,식도,161,0.7,1.2
2002,여자,C16,위,7989,33.3,51.6
2002,여자,C18-C20,대장,5682,23.7,37.8
2002,여자,C22,간,3483,14.5,23.6
2002,여자,C23-C24,담낭 및 기타담도,1810,7.5,12.9
2002,여자,C25,췌장,1308,5.5,9.2
2002,여자,C32,후두,93,0.4,0.6
2002,여자,C33-C34,폐,3949,16.5,27.9
2002,여자,C50,유방,8248,34.4,43.4
2002,여자,C53,자궁경부,4497,18.8,25.0
2002,여자,C54,자궁체부,945,3.9,5.5
2002,여자,C56,난소,1473,6.1,8.3
2002,여자,C61,전립선,0,,
2002,여자,C62,고환,0,,
2002,여자,C64,신장,573,2.4,3.6
2002,여자,C67,방광,537,2.2,3.8
2002,여자,C70-C72,뇌 및 중추신경계,624,2.6,3.3
2002,여자,C73,갑상선,4834,20.2,24.5
2002,여자,C81,호지킨림프종,62,0.3,0.3
2002,여자,"C82-C86,C96",비호지킨림프종,902,3.8,5.3
2002,여자,C90,다발성 골수종,241,1.0,1.6
2002,여자,C91-C95,백혈병,1001,4.2,5.0
2002,여자,Re.C00-C96,기타 암,3599,15.0,22.8
2003,남녀전체,C00-C96,모든암,126133,261.1,433.6
2003,남녀전체,C00-C14,"입술, 구강 및 인두",2094,4.3,7.0
2003,남녀전체,C15,식도,1936,4.0,7.5
2003,남녀전체,C16,위,23976,49.6,85.1
2003,남녀전체,C18-C20,대장,14752,30.5,53.7
2003,남녀전체,C22,간,14110,29.2,48.8
2003,남녀전체,C23-C24,담낭 및 기타담도,3711,7.7,14.9
2003,남녀전체,C25,췌장,3227,6.7,12.5
2003,남녀전체,C32,후두,1121,2.3,4.2
2003,남녀전체,C33-C34,폐,15215,31.5,59.9
2003,남녀전체,C50,유방,8571,17.7,22.6
2003,남녀전체,C53,자궁경부,4399,9.1,12.8
2003,남녀전체,C54,자궁체부,1092,2.3,3.2
2003,남녀전체,C56,난소,1486,3.1,4.3
2003,남녀전체,C61,전립선,2676,5.5,11.3
2003,남녀전체,C62,고환,154,0.3,0.3
2003,남녀전체,C64,신장,1910,4.0,6.2
2003,남녀전체,C67,방광,2774,5.7,10.6
2003,남녀전체,C70-C72,뇌 및 중추신경계,1489,3.1,4.0
2003,남녀전체,C73,갑상선,7583,15.7,19.2
2003,남녀전체,C81,호지킨림프종,160,0.3,0.4
2003,남녀전체,"C82-C86,C96",비호지킨림프종,2313,4.8,7.2
2003,남녀전체,C90,다발성 골수종,617,1.3,2.3
2003,남녀전체,C91-C95,백혈병,2325,4.8,6.2
2003,남녀전체,Re.C00-C96,기타 암,8442,17.5,29.4
2003,남자,C00-C96,모든암,69782,287.9,597.4
2003,남자,C00-C14,"입술, 구강 및 인두",1589,6.6,12.6
2003,남자,C15,식도,1741,7.2,16.3
2003,남자,C16,위,15846,65.4,133.3
2003,남자,C18-C20,대장,8419,34.7,71.9
2003,남자,C22,간,10611,43.8,80.6
2003,남자,C23-C24,담낭 및 기타담도,1804,7.4,17.6
2003,남자,C25,췌장,1802,7.4,16.6
2003,남자,C32,후두,1034,4.3,9.3
2003,남자,C33-C34,폐,11220,46.3,110.1
2003,남자,C50,유방,58,0.2,0.4
2003,남자,C53,자궁경부,0,,
2003,남자,C54,자궁체부,0,,
2003,남자,C56,난소,0,,
2003,남자,C61,전립선,2676,11.0,30.5
2003,남자,C62,고환,154,0.6,0.6
2003,남자,C64,신장,1298,5.4,9.5
2003,남자,C67,방광,2201,9.1,21.1
2003,남자,C70-C72,뇌 및 중추신경계,807,3.3,4.5
2003,남자,C73,갑상선,1037,4.3,5.8
2003,남자,C81,호지킨림프종,114,0.5,0.6
2003,남자,"C82-C86,C96",비호지킨림프종,1350,5.6,9.7
2003,남자,C90,다발성 골수종,332,1.4,2.9
2003,남자,C91-C95,백혈병,1276,5.3,7.2
2003,남자,Re.C00-C96,기타 암,4413,18.2,36.2
2003,여자,C00-C96,모든암,56351,234.1,331.7
2003,여자,C00-C14,"입술, 구강 및 인두",505,2.1,2.9
2003,여자,C15,식도,195,0.8,1.4
2003,여자,C16,위,8130,33.8,50.5
2003,여자,C18-C20,대장,6333,26.3,41.0
2003,여자,C22,간,3499,14.5,22.9
2003,여자,C23-C24,담낭 및 기타담도,1907,7.9,13.1
2003,여자,C25,췌장,1425,5.9,9.6
2003,여자,C32,후두,87,0.4,0.6
2003,여자,C33-C34,폐,3995,16.6,27.2
2003,여자,C50,유방,8513,35.4,43.5
2003,여자,C53,자궁경부,4399,18.3,23.8
2003,여자,C54,자궁체부,1092,4.5,6.2
2003,여자,C56,난소,1486,6.2,8.1
2003,여자,C61,전립선,0,,
2003,여자,C62,고환,0,,
2003,여자,C64,신장,612,2.5,3.6
2003,여자,C67,방광,573,2.4,3.8
2003,여자,C70-C72,뇌 및 중추신경계,682,2.8,3.5
2003,여자,C73,갑상선,6546,27.2,32.1
2003,여자,C81,호지킨림프종,46,0.2,0.2
2003,여자,"C82-C86,C96",비호지킨림프종,963,4.0,5.5
2003,여자,C90,다발성 골수종,285,1.2,1.9
2003,여자,C91-C95,백혈병,1049,4.4,5.3
2003,여자,Re.C00-C96,기타 암,4029,16.7,24.9
2004,남녀전체,C00-C96,모든암,134736,277.9,446.2
2004,남녀전체,C00-C14,"입술, 구강 및 인두",2165,4.5,7.0
2004,남녀전체,C15,식도,1986,4.1,7.4
2004,남녀전체,C16,위,23653,48.8,80.8
2004,남녀전체,C18-C20,대장,16340,33.7,57.4
2004,남녀전체,C22,간,14498,29.9,48.8
2004,남녀전체,C23-C24,담낭 및 기타담도,3987,8.2,15.5
2004,남녀전체,C25,췌장,3408,7.0,12.7
2004,남녀전체,C32,후두,1085,2.2,4.0
2004,남녀전체,C33-C34,폐,16302,33.6,61.7
2004,남녀전체,C50,유방,9265,19.1,23.7
2004,남녀전체,C53,자궁경부,4146,8.6,11.7
2004,남녀전체,C54,자궁체부,1097,2.3,3.2
2004,남녀전체,C56,난소,1562,3.2,4.6
2004,남녀전체,C61,전립선,3424,7.1,13.5
2004,남녀전체,C62,고환,156,0.3,0.3
2004,남녀전체,C64,신장,2099,4.3,6.6
2004,남녀전체,C67,방광,2920,6.0,10.9
2004,남녀전체,C70-C72,뇌 및 중추신경계,1542,3.2,4.2
2004,남녀전체,C73,갑상선,10456,21.6,25.7
2004,남녀전체,C81,호지킨림프종,206,0.4,0.5
2004,남녀전체,"C82-C86,C96",비호지킨림프종,2510,5.2,7.7
2004,남녀전체,C90,다발성 골수종,680,1.4,2.3
2004,남녀전체,C91-C95,백혈병,2428,5.0,6.4
2004,남녀전체,Re.C00-C96,기타 암,8821,18.2,29.6
2004,남자,C00-C96,모든암,73855,303.7,607.1
2004,남자,C00-C14,"입술, 구강 및 인두",1579,6.5,11.7
2004,남자,C15,식도,1823,7.5,16.3
2004,남자,C16,위,15631,64.3,125.5
2004,남자,C18-C20,대장,9460,38.9,77.6
2004,남자,C22,간,10929,44.9,80.7
2004,남자,C23-C24,담낭 및 기타담도,2010,8.3,19.3
2004,남자,C25,췌장,1921,7.9,17.1
2004,남자,C32,후두,992,4.1,8.6
2004,남자,C33-C34,폐,11960,49.2,111.7
2004,남자,C50,유방,51,0.2,0.4
2004,남자,C53,자궁경부,0,,
2004,남자,C54,자궁체부,0,,
2004,남자,C56,난소,0,,
2004,남자,C61,전립선,3424,14.1,35.7
2004,남자,C62,고환,156,0.6,0.6
2004,남자,C64,신장,1421,5.8,10.3
2004,남자,C67,방광,2336,9.6,21.4
2004,남자,C70-C72,뇌 및 중추신경계,812,3.3,4.8
2004,남자,C73,갑상선,1422,5.8,7.6
2004,남자,C81,호지킨림프종,147,0.6,0.7
2004,남자,"C82-C86,C96",비호지킨림프종,1475,6.1,10.1
2004,남자,C90,다발성 골수종,364,1.5,2.8
2004,남자,C91-C95,백혈병,1357,5.6,8.0
2004,남자,Re.C00-C96,기타 암,4585,18.9,36.3
2004,여자,C00-C96,모든암,60881,251.9,345.9
2004,여자,C00-C14,"입술, 구강 및 인두",586,2.4,3.3
2004,여자,C15,식도,163,0.7,1.1
2004,여자,C16,위,8022,33.2,48.0
2004,여자,C18-C20,대장,6880,28.5,43.1
2004,여자,C22,간,3569,14.8,22.8
2004,여자,C23-C24,담낭 및 기타담도,1977,8.2,13.1
2004,여자,C25,췌장,1487,6.2,9.7
2004,여자,C32,후두,93,0.4,0.6
2004,여자,C33-C34,폐,4342,18.0,28.5
2004,여자,C50,유방,9214,38.1,45.9
2004,여자,C53,자궁경부,4146,17.2,21.8
2004,여자,C54,자궁체부,1097,4.5,6.1
2004,여자,C56,난소,1562,6.5,8.5
2004,여자,C61,전립선,0,,
2004,여자,C62,고환,0,,
2004,여자,C64,신장,678,2.8,3.9
2004,여자,C67,방광,584,2.4,3.8
2004,여자,C70-C72,뇌 및 중추신경계,730,3.0,3.7
2004,여자,C73,갑상선,9034,37.4,43.4
2004,여자,C81,호지킨림프종,59,0.2,0.2
2004,여자,"C82-C86,C96",비호지킨림프종,1035,4.3,5.9
2004,여자,C90,다발성 골수종,316,1.3,2.0
2004,여자,C91-C95,백혈병,1071,4.4,5.3
2004,여자,Re.C00-C96,기타 암,4236,17.5,25.2
2005,남녀전체,C00-C96,모든암,147323,302.6,472.8
2005,남녀전체,C00-C14,"입술, 구강 및 인두",2254,4.6,7.1
2005,남녀전체,C15,식도,2048,4.2,7.3
2005,남녀전체,C16,위,26383,54.2,87.5
2005,남녀전체,C18-C20,대장,18362,37.7,62.2
2005,남녀전체,C22,간,15163,31.1,49.4
2005,남녀전체,C23-C24,담낭 및 기타담도,4282,8.8,16.1
2005,남녀전체,C25,췌장,3759,7.7,13.8
2005,남녀전체,C32,후두,1161,2.4,4.1
2005,남녀전체,C33-C34,폐,17189,35.3,62.8
2005,남녀전체,C50,유방,10349,21.3,26.1
2005,남녀전체,C53,자궁경부,4048,8.3,11.2
2005,남녀전체,C54,자궁체부,1210,2.5,3.4
2005,남녀전체,C56,난소,1683,3.5,4.8
2005,남녀전체,C61,전립선,3769,7.7,14.3
2005,남녀전체,C62,고환,154,0.3,0.3
2005,남녀전체,C64,신장,2389,4.9,7.5
2005,남녀전체,C67,방광,3059,6.3,11.0
2005,남녀전체,C70-C72,뇌 및 중추신경계,1619,3.3,4.4
2005,남녀전체,C73,갑상선,12827,26.3,31.2
2005,남녀전체,C81,호지킨림프종,157,0.3,0.4
2005,남녀전체,"C82-C86,C96",비호지킨림프종,2555,5.2,7.6
2005,남녀전체,C90,다발성 골수종,794,1.6,2.7
2005,남녀전체,C91-C95,백혈병,2384,4.9,6.1
2005,남녀전체,Re.C00-C96,기타 암,9725,20.0,31.7
2005,남자,C00-C96,모든암,79868,327.2,635.8
2005,남자,C00-C14,"입술, 구강 및 인두",1625,6.7,11.8
2005,남자,C15,식도,1889,7.7,15.9
2005,남자,C16,위,17409,71.3,135.6
2005,남자,C18-C20,대장,10693,43.8,83.6
2005,남자,C22,간,11430,46.8,81.8
2005,남자,C23-C24,담낭 및 기타담도,2147,8.8,20.1
2005,남자,C25,췌장,2076,8.5,18.2
2005,남자,C32,후두,1077,4.4,9.1
2005,남자,C33-C34,폐,12487,51.2,113.5
2005,남자,C50,유방,57,0.2,0.5
2005,남자,C53,자궁경부,0,,
2005,남자,C54,자궁체부,0,,
2005,남자,C56,난소,0,,
2005,남자,C61,전립선,3769,15.4,37.6
2005,남자,C62,고환,154,0.6,0.5
2005,남자,C64,신장,1625,6.7,11.5
2005,남자,C67,방광,2453,10.0,21.9
2005,남자,C70-C72,뇌 및 중추신경계,846,3.5,5.1
2005,남자,C73,갑상선,1786,7.3,9.2
2005,남자,C81,호지킨림프종,104,0.4,0.5
2005,남자,"C82-C86,C96",비호지킨림프종,1477,6.1,9.9
2005,남자,C90,다발성 골수종,406,1.7,3.3
2005,남자,C91-C95,백혈병,1356,5.6,7.7
2005,남자,Re.C00-C96,기타 암,5002,20.5,38.4
2005,여자,C00-C96,모든암,67455,277.9,372.9
2005,여자,C00-C14,"입술, 구강 및 인두",629,2.6,3.5
2005,여자,C15,식도,159,0.7,1.0
2005,여자,C16,위,8974,37.0,52.3
2005,여자,C18-C20,대장,7669,31.6,46.5
2005,여자,C22,간,3733,15.4,23.0
2005,여자,C23-C24,담낭 및 기타담도,2135,8.8,13.6
2005,여자,C25,췌장,1683,6.9,10.7
2005,여자,C32,후두,84,0.3,0.5
2005,여자,C33-C34,폐,4702,19.4,29.5
2005,여자,C50,유방,10292,42.4,50.5
2005,여자,C53,자궁경부,4048,16.7,20.9
2005,여자,C54,자궁체부,1210,5.0,6.5
2005,여자,C56,난소,1683,6.9,8.8
2005,여자,C61,전립선,0,,
2005,여자,C62,고환,0,,
2005,여자,C64,신장,764,3.1,4.4
2005,여자,C67,방광,606,2.5,3.8
2005,여자,C70-C72,뇌 및 중추신경계,773,3.2,4.0
2005,여자,C73,갑상선,11041,45.5,52.5
2005,여자,C81,호지킨림프종,53,0.2,0.2
2005,여자,"C82-C86,C96",비호지킨림프종,1078,4.4,6.0
2005,여자,C90,다발성 골수종,388,1.6,2.3
2005,여자,C91-C95,백혈병,1028,4.2,5.0
2005,여자,Re.C00-C96,기타 암,4723,19.5,27.3
2006,남녀전체,C00-C96,모든암,154997,317.1,476.6
2006,남녀전체,C00-C14,"입술, 구강 및 인두",2315,4.7,7.0
2006,남녀전체,C15,식도,2048,4.2,7.0
2006,남녀전체,C16,위,26465,54.1,84.6
2006,남녀전체,C18-C20,대장,19951,40.8,65.0
2006,남녀전체,C22,간,14997,30.7,47.0
2006,남녀전체,C23-C24,담낭 및 기타담도,4149,8.5,14.9
2006,남녀전체,C25,췌장,3805,7.8,13.3
2006,남녀전체,C32,후두,1074,2.2,3.6
2006,남녀전체,C33-C34,폐,17624,36.1,61.6
2006,남녀전체,C50,유방,10981,22.5,27.0
2006,남녀전체,C53,자궁경부,4071,8.3,10.9
2006,남녀전체,C54,자궁체부,1289,2.6,3.5
2006,남녀전체,C56,난소,1718,3.5,4.6
2006,남녀전체,C61,전립선,4546,9.3,16.4
2006,남녀전체,C62,고환,182,0.4,0.3
2006,남녀전체,C64,신장,2669,5.5,7.9
2006,남녀전체,C67,방광,3092,6.3,10.8
2006,남녀전체,C70-C72,뇌 및 중추신경계,1567,3.2,4.0
2006,남녀전체,C73,갑상선,16191,33.1,38.2
2006,남녀전체,C81,호지킨림프종,177,0.4,0.4
2006,남녀전체,"C82-C86,C96",비호지킨림프종,2708,5.5,7.8
2006,남녀전체,C90,다발성 골수종,773,1.6,2.6
2006,남녀전체,C91-C95,백혈병,2509,5.1,6.3
2006,남녀전체,Re.C00-C96,기타 암,10096,20.7,31.9
2006,남자,C00-C96,모든암,83031,338.8,631.6
2006,남자,C00-C14,"입술, 구강 및 인두",1706,7.0,11.9
2006,남자,C15,식도,1879,7.7,15.3
2006,남자,C16,위,17756,72.5,132.6
2006,남자,C18-C20,대장,11700,47.7,88.4
2006,남자,C22,간,11239,45.9,77.5
2006,남자,C23-C24,담낭 및 기타담도,2136,8.7,18.4
2006,남자,C25,췌장,2096,8.6,17.2
2006,남자,C32,후두,997,4.1,7.8
2006,남자,C33-C34,폐,12648,51.6,109.5
2006,남자,C50,유방,51,0.2,0.4
2006,남자,C53,자궁경부,0,,
2006,남자,C54,자궁체부,0,,
2006,남자,C56,난소,0,,
2006,남자,C61,전립선,4546,18.6,42.5
2006,남자,C62,고환,182,0.7,0.7
2006,남자,C64,신장,1822,7.4,12.0
2006,남자,C67,방광,2504,10.2,21.9
2006,남자,C70-C72,뇌 및 중추신경계,813,3.3,4.4
2006,남자,C73,갑상선,2344,9.6,11.7
2006,남자,C81,호지킨림프종,109,0.4,0.5
2006,남자,"C82-C86,C96",비호지킨림프종,1611,6.6,10.5
2006,남자,C90,다발성 골수종,386,1.6,3.0
2006,남자,C91-C95,백혈병,1383,5.6,7.8
2006,남자,Re.C00-C96,기타 암,5123,20.9,37.6
2006,여자,C00-C96,모든암,71966,295.2,382.6
2006,여자,C00-C14,"입술, 구강 및 인두",609,2.5,3.2
2006,여자,C15,식도,169,0.7,1.0
2006,여자,C16,위,8709,35.7,49.1
2006,여자,C18-C20,대장,8251,33.8,48.0
2006,여자,C22,간,3758,15.4,22.2
2006,여자,C23-C24,담낭 및 기타담도,2013,8.3,12.5
2006,여자,C25,췌장,1709,7.0,10.4
2006,여자,C32,후두,77,0.3,0.5
2006,여자,C33-C34,폐,4976,20.4,29.9
2006,여자,C50,유방,10930,44.8,52.4
2006,여자,C53,자궁경부,4071,16.7,20.3
2006,여자,C54,자궁체부,1289,5.3,6.7
2006,여자,C56,난소,1718,7.0,8.7
2006,여자,C61,전립선,0,,
2006,여자,C62,고환,0,,
2006,여자,C64,신장,847,3.5,4.6
2006,여자,C67,방광,588,2.4,3.6
2006,여자,C70-C72,뇌 및 중추신경계,754,3.1,3.7
2006,여자,C73,갑상선,13847,56.8,64.2
2006,여자,C81,호지킨림프종,68,0.3,0.3
2006,여자,"C82-C86,C96",비호지킨림프종,1097,4.5,5.9
2006,여자,C90,다발성 골수종,387,1.6,2.3
2006,여자,C91-C95,백혈병,1126,4.6,5.3
2006,여자,Re.C00-C96,기타 암,4973,20.4,27.9
2007,남녀전체,C00-C96,모든암,168266,342.5,497.2
2007,남녀전체,C00-C14,"입술, 구강 및 인두",2474,5.0,7.3
2007,남녀전체,C15,식도,2112,4.3,7.0
2007,남녀전체,C16,위,26868,54.7,82.7
2007,남녀전체,C18-C20,대장,21578,43.9,67.7
2007,남녀전체,C22,간,15427,31.4,46.9
2007,남녀전체,C23-C24,담낭 및 기타담도,4402,9.0,15.2
2007,남녀전체,C25,췌장,4088,8.3,13.7
2007,남녀전체,C32,후두,1121,2.3,3.6
2007,남녀전체,C33-C34,폐,18413,37.5,61.9
2007,남녀전체,C50,유방,12074,24.6,28.8
2007,남녀전체,C53,자궁경부,3795,7.7,9.7
2007,남녀전체,C54,자궁체부,1391,2.8,3.7
2007,남녀전체,C56,난소,1932,3.9,5.1
2007,남녀전체,C61,전립선,5583,11.4,19.1
2007,남녀전체,C62,고환,182,0.4,0.3
2007,남녀전체,C64,신장,2971,6.0,8.6
2007,남녀전체,C67,방광,3251,6.6,10.9
2007,남녀전체,C70-C72,뇌 및 중추신경계,1686,3.4,4.3
2007,남녀전체,C73,갑상선,21320,43.4,49.3
2007,남녀전체,C81,호지킨림프종,204,0.4,0.5
2007,남녀전체,"C82-C86,C96",비호지킨림프종,2885,5.9,8.2
2007,남녀전체,C90,다발성 골수종,889,1.8,2.8
2007,남녀전체,C91-C95,백혈병,2526,5.1,6.3
2007,남녀전체,Re.C00-C96,기타 암,11094,22.6,33.7
2007,남자,C00-C96,모든암,88652,360.0,646.8
2007,남자,C00-C14,"입술, 구강 및 인두",1820,7.4,12.3
2007,남자,C15,식도,1907,7.7,14.9
2007,남자,C16,위,17917,72.8,128.6
2007,남자,C18-C20,대장,12796,52.0,92.6
2007,남자,C22,간,11532,46.8,77.2
2007,남자,C23-C24,담낭 및 기타담도,2191,8.9,18.4
2007,남자,C25,췌장,2277,9.2,17.9
2007,남자,C32,후두,1053,4.3,7.9
2007,남자,C33-C34,폐,13194,53.6,110.0
2007,남자,C50,유방,35,0.1,0.3
2007,남자,C53,자궁경부,0,,
2007,남자,C54,자궁체부,0,,
2007,남자,C56,난소,0,,
2007,남자,C61,전립선,5583,22.7,48.7
2007,남자,C62,고환,182,0.7,0.7
2007,남자,C64,신장,2049,8.3,13.2
2007,남자,C67,방광,2581,10.5,21.1
2007,남자,C70-C72,뇌 및 중추신경계,881,3.6,4.8
2007,남자,C73,갑상선,3197,13.0,15.2
2007,남자,C81,호지킨림프종,130,0.5,0.7
2007,남자,"C82-C86,C96",비호지킨림프종,1712,7.0,10.8
2007,남자,C90,다발성 골수종,459,1.9,3.4
2007,남자,C91-C95,백혈병,1417,5.8,7.9
2007,남자,Re.C00-C96,기타 암,5739,23.3,40.1
2007,여자,C00-C96,모든암,79614,324.9,409.0
2007,여자,C00-C14,"입술, 구강 및 인두",654,2.7,3.4
2007,여자,C15,식도,205,0.8,1.2
2007,여자,C16,위,8951,36.5,48.6
2007,여자,C18-C20,대장,8782,35.8,49.4
2007,여자,C22,간,3895,15.9,22.2
2007,여자,C23-C24,담낭 및 기타담도,2211,9.0,13.0
2007,여자,C25,췌장,1811,7.4,10.6
2007,여자,C32,후두,68,0.3,0.4
2007,여자,C33-C34,폐,5219,21.3,30.3
2007,여자,C50,유방,12039,49.1,56.2
2007,여자,C53,자궁경부,3795,15.5,18.4
2007,여자,C54,자궁체부,1391,5.7,7.1
2007,여자,C56,난소,1932,7.9,9.6
2007,여자,C61,전립선,0,,
2007,여자,C62,고환,0,,
2007,여자,C64,신장,922,3.8,4.9
2007,여자,C67,방광,670,2.7,3.9
2007,여자,C70-C72,뇌 및 중추신경계,805,3.3,3.9
2007,여자,C73,갑상선,18123,74.0,82.8
2007,여자,C81,호지킨림프종,74,0.3,0.3
2007,여자,"C82-C86,C96",비호지킨림프종,1173,4.8,6.2
2007,여자,C90,다발성 골수종,430,1.8,2.4
2007,여자,C91-C95,백혈병,1109,4.5,5.1
2007,여자,Re.C00-C96,기타 암,5355,21.9,29.2
2008,남녀전체,C00-C96,모든암,182792,370.0,517.5
2008,남녀전체,C00-C14,"입술, 구강 및 인두",2644,5.4,7.4
2008,남녀전체,C15,식도,2205,4.5,6.9
2008,남녀전체,C16,위,28439,57.6,84.1
2008,남녀전체,C18-C20,대장,23291,47.1,70.1
2008,남녀전체,C22,간,15820,32.0,46.4
2008,남녀전체,C23-C24,담낭 및 기타담도,4565,9.2,15.0
2008,남녀전체,C25,췌장,4381,8.9,14.0
2008,남녀전체,C32,후두,1109,2.2,3.5
2008,남녀전체,C33-C34,폐,19054,38.6,61.1
2008,남녀전체,C50,유방,12942,26.2,30.5
2008,남녀전체,C53,자궁경부,4043,8.2,10.1
2008,남녀전체,C54,자궁체부,1595,3.2,4.1
2008,남녀전체,C56,난소,1912,3.9,4.8
2008,남녀전체,C61,전립선,6666,13.5,21.6
2008,남녀전체,C62,고환,178,0.4,0.3
2008,남녀전체,C64,신장,3270,6.6,9.1
2008,남녀전체,C67,방광,3348,6.8,10.7
2008,남녀전체,C70-C72,뇌 및 중추신경계,1695,3.4,4.1
2008,남녀전체,C73,갑상선,27353,55.4,61.9
2008,남녀전체,C81,호지킨림프종,219,0.4,0.5
2008,남녀전체,"C82-C86,C96",비호지킨림프종,2953,6.0,8.0
2008,남녀전체,C90,다발성 골수종,919,1.9,2.8
2008,남녀전체,C91-C95,백혈병,2652,5.4,6.4
2008,남녀전체,Re.C00-C96,기타 암,11539,23.4,33.9
2008,남자,C00-C96,모든암,95004,383.7,660.0
2008,남자,C00-C14,"입술, 구강 및 인두",1957,7.9,12.4
2008,남자,C15,식도,2008,8.1,14.9
2008,남자,C16,위,19125,77.3,131.4
2008,남자,C18-C20,대장,13958,56.4,96.1
2008,남자,C22,간,11911,48.1,76.6
2008,남자,C23-C24,담낭 및 기타담도,2262,9.1,17.8
2008,남자,C25,췌장,2441,9.9,18.4
2008,남자,C32,후두,1033,4.2,7.7
2008,남자,C33-C34,폐,13572,54.8,107.2
2008,남자,C50,유방,76,0.3,0.6
2008,남자,C53,자궁경부,0,,
2008,남자,C54,자궁체부,0,,
2008,남자,C56,난소,0,,
2008,남자,C61,전립선,6666,26.9,54.5
2008,남자,C62,고환,178,0.7,0.6
2008,남자,C64,신장,2254,9.1,13.9
2008,남자,C67,방광,2679,10.8,21.0
2008,남자,C70-C72,뇌 및 중추신경계,905,3.7,4.7
2008,남자,C73,갑상선,4337,17.5,20.1
2008,남자,C81,호지킨림프종,131,0.5,0.6
2008,남자,"C82-C86,C96",비호지킨림프종,1713,6.9,10.5
2008,남자,C90,다발성 골수종,494,2.0,3.5
2008,남자,C91-C95,백혈병,1486,6.0,7.9
2008,남자,Re.C00-C96,기타 암,5818,23.5,39.6
2008,여자,C00-C96,모든암,87788,356.2,435.3
2008,여자,C00-C14,"입술, 구강 및 인두",687,2.8,3.5
2008,여자,C15,식도,197,0.8,1.1
2008,여자,C16,위,9314,37.8,48.7
2008,여자,C18-C20,대장,9333,37.9,50.6
2008,여자,C22,간,3909,15.9,21.6
2008,여자,C23-C24,담낭 및 기타담도,2303,9.3,13.0
2008,여자,C25,췌장,1940,7.9,10.8
2008,여자,C32,후두,76,0.3,0.4
2008,여자,C33-C34,폐,5482,22.2,30.5
2008,여자,C50,유방,12866,52.2,59.1
2008,여자,C53,자궁경부,4043,16.4,19.0
2008,여자,C54,자궁체부,1595,6.5,7.9
2008,여자,C56,난소,1912,7.8,9.1
2008,여자,C61,전립선,0,,
2008,여자,C62,고환,0,,
2008,여자,C64,신장,1016,4.1,5.2
2008,여자,C67,방광,669,2.7,3.7
2008,여자,C70-C72,뇌 및 중추신경계,790,3.2,3.7
2008,여자,C73,갑상선,23016,93.4,103.0
2008,여자,C81,호지킨림프종,88,0.4,0.4
2008,여자,"C82-C86,C96",비호지킨림프종,1240,5.0,6.2
2008,여자,C90,다발성 골수종,425,1.7,2.4
2008,여자,C91-C95,백혈병,1166,4.7,5.3
2008,여자,Re.C00-C96,기타 암,5721,23.2,30.0
2009,남녀전체,C00-C96,모든암,196657,396.0,535.8
2009,남녀전체,C00-C14,"입술, 구강 및 인두",2597,5.2,7.0
2009,남녀전체,C15,식도,2175,4.4,6.5
2009,남녀전체,C16,위,30059,60.5,85.4
2009,남녀전체,C18-C20,대장,25599,51.6,74.3
2009,남녀전체,C22,간,16043,32.3,45.2
2009,남녀전체,C23-C24,담낭 및 기타담도,5033,10.1,15.8
2009,남녀전체,C25,췌장,4504,9.1,13.8
2009,남녀전체,C32,후두,1173,2.4,3.5
2009,남녀전체,C33-C34,폐,19912,40.1,61.3
2009,남녀전체,C50,유방,13753,27.7,31.6
2009,남녀전체,C53,자궁경부,3855,7.8,9.5
2009,남녀전체,C54,자궁체부,1751,3.5,4.3
2009,남녀전체,C56,난소,1860,3.7,4.6
2009,남녀전체,C61,전립선,7578,15.3,23.4
2009,남녀전체,C62,고환,202,0.4,0.4
2009,남녀전체,C64,신장,3525,7.1,9.5
2009,남녀전체,C67,방광,3340,6.7,10.3
2009,남녀전체,C70-C72,뇌 및 중추신경계,1727,3.5,4.2
2009,남녀전체,C73,갑상선,32540,65.5,71.9
2009,남녀전체,C81,호지킨림프종,219,0.4,0.5
2009,남녀전체,"C82-C86,C96",비호지킨림프종,3190,6.4,8.4
2009,남녀전체,C90,다발성 골수종,1040,2.1,3.0
2009,남녀전체,C91-C95,백혈병,2765,5.6,6.6
2009,남녀전체,Re.C00-C96,기타 암,12217,24.6,34.6
2009,남자,C00-C96,모든암,101232,406.9,671.5
2009,남자,C00-C14,"입술, 구강 및 인두",1930,7.8,11.8
2009,남자,C15,식도,2011,8.1,14.1
2009,남자,C16,위,20153,81.0,131.6
2009,남자,C18-C20,대장,15435,62.0,102.4
2009,남자,C22,간,11992,48.2,73.9
2009,남자,C23-C24,담낭 및 기타담도,2530,10.2,19.1
2009,남자,C25,췌장,2477,10.0,17.9
2009,남자,C32,후두,1105,4.4,7.5
2009,남자,C33-C34,폐,14197,57.1,106.7
2009,남자,C50,유방,62,0.2,0.4
2009,남자,C53,자궁경부,0,,
2009,남자,C54,자궁체부,0,,
2009,남자,C56,난소,0,,
2009,남자,C61,전립선,7578,30.5,58.3
2009,남자,C62,고환,202,0.8,0.7
2009,남자,C64,신장,2378,9.6,14.1
2009,남자,C67,방광,2659,10.7,20.2
2009,남자,C70-C72,뇌 및 중추신경계,933,3.8,4.7
2009,남자,C73,갑상선,5248,21.1,23.6
2009,남자,C81,호지킨림프종,146,0.6,0.7
2009,남자,"C82-C86,C96",비호지킨림프종,1847,7.4,11.1
2009,남자,C90,다발성 골수종,577,2.3,3.9
2009,남자,C91-C95,백혈병,1534,6.2,7.9
2009,남자,Re.C00-C96,기타 암,6238,25.1,41.0
2009,여자,C00-C96,모든암,95425,385.1,458.3
2009,여자,C00-C14,"입술, 구강 및 인두",667,2.7,3.3
2009,여자,C15,식도,164,0.7,0.9
2009,여자,C16,위,9906,40.0,50.0
2009,여자,C18-C20,대장,10164,41.0,53.0
2009,여자,C22,간,4051,16.3,21.4
2009,여자,C23-C24,담낭 및 기타담도,2503,10.1,13.5
2009,여자,C25,췌장,2027,8.2,10.8
2009,여자,C32,후두,68,0.3,0.4
2009,여자,C33-C34,폐,5715,23.1,30.5
2009,여자,C50,유방,13691,55.2,61.6
2009,여자,C53,자궁경부,3855,15.6,17.9
2009,여자,C54,자궁체부,1751,7.1,8.4
2009,여자,C56,난소,1860,7.5,8.7
2009,여자,C61,전립선,0,,
2009,여자,C62,고환,0,,
2009,여자,C64,신장,1147,4.6,5.8
2009,여자,C67,방광,681,2.7,3.6
2009,여자,C70-C72,뇌 및 중추신경계,794,3.2,3.7
2009,여자,C73,갑상선,27292,110.1,119.7
2009,여자,C81,호지킨림프종,73,0.3,0.3
2009,여자,"C82-C86,C96",비호지킨림프종,1343,5.4,6.5
2009,여자,C90,다발성 골수종,463,1.9,2.5
2009,여자,C91-C95,백혈병,1231,5.0,5.6
2009,여자,Re.C00-C96,기타 암,5979,24.1,30.1
2010,남녀전체,C00-C96,모든암,208565,418.1,547.6
2010,남녀전체,C00-C14,"입술, 구강 및 인두",2841,5.7,7.5
2010,남녀전체,C15,식도,2255,4.5,6.5
2010,남녀전체,C16,위,30777,61.7,84.4
2010,남녀전체,C18-C20,대장,26791,53.7,74.6
2010,남녀전체,C22,간,16225,32.5,44.3
2010,남녀전체,C23-C24,담낭 및 기타담도,5183,10.4,15.6
2010,남녀전체,C25,췌장,4768,9.6,14.0
2010,남녀전체,C32,후두,1187,2.4,3.4
2010,남녀전체,C33-C34,폐,21135,42.4,62.3
2010,남녀전체,C50,유방,14786,29.6,33.3
2010,남녀전체,C53,자궁경부,4038,8.1,9.6
2010,남녀전체,C54,자궁체부,1812,3.6,4.3
2010,남녀전체,C56,난소,2082,4.2,5.0
2010,남녀전체,C61,전립선,8217,16.5,24.4
2010,남녀전체,C62,고환,211,0.4,0.4
2010,남녀전체,C64,신장,3697,7.4,9.6
2010,남녀전체,C67,방광,3564,7.1,10.5
2010,남녀전체,C70-C72,뇌 및 중추신경계,1813,3.6,4.3
2010,남녀전체,C73,갑상선,36802,73.8,79.7
2010,남녀전체,C81,호지킨림프종,249,0.5,0.5
2010,남녀전체,"C82-C86,C96",비호지킨림프종,3312,6.6,8.6
2010,남녀전체,C90,다발성 골수종,1081,2.2,3.0
2010,남녀전체,C91-C95,백혈병,2834,5.7,6.7
2010,남녀전체,Re.C00-C96,기타 암,12905,25.9,35.3
2010,남자,C00-C96,모든암,106294,425.6,675.4
2010,남자,C00-C14,"입술, 구강 및 인두",2016,8.1,12.1
2010,남자,C15,식도,2067,8.3,13.9
2010,남자,C16,위,20607,82.5,129.3
2010,남자,C18-C20,대장,16243,65.0,102.6
2010,남자,C22,간,12066,48.3,71.9
2010,남자,C23-C24,담낭 및 기타담도,2702,10.8,19.4
2010,남자,C25,췌장,2569,10.3,17.4
2010,남자,C32,후두,1111,4.4,7.3
2010,남자,C33-C34,폐,14958,59.9,107.6
2010,남자,C50,유방,71,0.3,0.4
2010,남자,C53,자궁경부,0,,
2010,남자,C54,자궁체부,0,,
2010,남자,C56,난소,0,,
2010,남자,C61,전립선,8217,32.9,60.4
2010,남자,C62,고환,211,0.8,0.8
2010,남자,C64,신장,2587,10.4,14.7
2010,남자,C67,방광,2873,11.5,20.6
2010,남자,C70-C72,뇌 및 중추신경계,972,3.9,4.9
2010,남자,C73,갑상선,6357,25.5,27.9
2010,남자,C81,호지킨림프종,172,0.7,0.8
2010,남자,"C82-C86,C96",비호지킨림프종,1902,7.6,11.0
2010,남자,C90,다발성 골수종,571,2.3,3.8
2010,남자,C91-C95,백혈병,1624,6.5,8.4
2010,남자,Re.C00-C96,기타 암,6398,25.6,40.3
2010,여자,C00-C96,모든암,102271,410.7,476.4
2010,여자,C00-C14,"입술, 구강 및 인두",825,3.3,3.9
2010,여자,C15,식도,188,0.8,1.0
2010,여자,C16,위,10170,40.8,49.7
2010,여자,C18-C20,대장,10548,42.4,53.0
2010,여자,C22,간,4159,16.7,21.2
2010,여자,C23-C24,담낭 및 기타담도,2481,10.0,12.9
2010,여자,C25,췌장,2199,8.8,11.3
2010,여자,C32,후두,76,0.3,0.4
2010,여자,C33-C34,폐,6177,24.8,31.6
2010,여자,C50,유방,14715,59.1,65.0
2010,여자,C53,자궁경부,4038,16.2,18.1
2010,여자,C54,자궁체부,1812,7.3,8.5
2010,여자,C56,난소,2082,8.4,9.6
2010,여자,C61,전립선,0,,
2010,여자,C62,고환,0,,
2010,여자,C64,신장,1110,4.5,5.4
2010,여자,C67,방광,691,2.8,3.6
2010,여자,C70-C72,뇌 및 중추신경계,841,3.4,3.8
2010,여자,C73,갑상선,30445,122.3,131.0
2010,여자,C81,호지킨림프종,77,0.3,0.3
2010,여자,"C82-C86,C96",비호지킨림프종,1410,5.7,6.8
2010,여자,C90,다발성 골수종,510,2.0,2.6
2010,여자,C91-C95,백혈병,1210,4.9,5.3
2010,여자,Re.C00-C96,기타 암,6507,26.1,31.7
2011,남녀전체,C00-C96,모든암,222903,444.8,565.8
2011,남녀전체,C00-C14,"입술, 구강 및 인두",2961,5.9,7.5
2011,남녀전체,C15,식도,2291,4.6,6.4
2011,남녀전체,C16,위,32047,64.0,84.8
2011,남녀전체,C18-C20,대장,28775,57.4,77.3
2011,남녀전체,C22,간,16447,32.8,43.2
2011,남녀전체,C23-C24,담낭 및 기타담도,5445,10.9,15.7
2011,남녀전체,C25,췌장,5191,10.4,14.7
2011,남녀전체,C32,후두,1136,2.3,3.1
2011,남녀전체,C33-C34,폐,22199,44.3,62.8
2011,남녀전체,C50,유방,16298,32.5,36.0
2011,남녀전체,C53,자궁경부,3832,7.6,8.9
2011,남녀전체,C54,자궁체부,1967,3.9,4.5
2011,남녀전체,C56,난소,2090,4.2,4.9
2011,남녀전체,C61,전립선,9179,18.3,26.1
2011,남녀전체,C62,고환,228,0.5,0.4
2011,남녀전체,C64,신장,4049,8.1,10.2
2011,남녀전체,C67,방광,3697,7.4,10.5
2011,남녀전체,C70-C72,뇌 및 중추신경계,1691,3.4,3.9
2011,남녀전체,C73,갑상선,41322,82.5,88.0
2011,남녀전체,C81,호지킨림프종,264,0.5,0.6
2011,남녀전체,"C82-C86,C96",비호지킨림프종,3608,7.2,9.0
2011,남녀전체,C90,다발성 골수종,1079,2.2,2.9
2011,남녀전체,C91-C95,백혈병,2959,5.9,6.8
2011,남녀전체,Re.C00-C96,기타 암,14148,28.2,37.4
2011,남자,C00-C96,모든암,112588,448.9,686.9
2011,남자,C00-C14,"입술, 구강 및 인두",2162,8.6,12.4
2011,남자,C15,식도,2093,8.3,13.5
2011,남자,C16,위,21592,86.1,130.0
2011,남자,C18-C20,대장,17568,70.0,106.9
2011,남자,C22,간,12200,48.6,70.1
2011,남자,C23-C24,담낭 및 기타담도,2751,11.0,19.2
2011,남자,C25,췌장,2869,11.4,18.9
2011,남자,C32,후두,1069,4.3,6.8
2011,남자,C33-C34,폐,15485,61.7,106.1
2011,남자,C50,유방,75,0.3,0.5
2011,남자,C53,자궁경부,0,,
2011,남자,C54,자궁체부,0,,
2011,남자,C56,난소,0,,
2011,남자,C61,전립선,9179,36.6,63.4
2011,남자,C62,고환,228,0.9,0.8
2011,남자,C64,신장,2769,11.0,15.2
2011,남자,C67,방광,2977,11.9,20.7
2011,남자,C70-C72,뇌 및 중추신경계,892,3.6,4.4
2011,남자,C73,갑상선,7107,28.3,30.4
2011,남자,C81,호지킨림프종,166,0.7,0.7
2011,남자,"C82-C86,C96",비호지킨림프종,2075,8.3,11.5
2011,남자,C90,다발성 골수종,608,2.4,3.8
2011,남자,C91-C95,백혈병,1660,6.6,8.4
2011,남자,Re.C00-C96,기타 암,7063,28.2,43.1
2011,여자,C00-C96,모든암,110315,440.7,500.4
2011,여자,C00-C14,"입술, 구강 및 인두",799,3.2,3.7
2011,여자,C15,식도,198,0.8,1.0
2011,여자,C16,위,10455,41.8,49.6
2011,여자,C18-C20,대장,11207,44.8,54.2
2011,여자,C22,간,4247,17.0,20.9
2011,여자,C23-C24,담낭 및 기타담도,2694,10.8,13.4
2011,여자,C25,췌장,2322,9.3,11.5
2011,여자,C32,후두,67,0.3,0.3
2011,여자,C33-C34,폐,6714,26.8,33.1
2011,여자,C50,유방,16223,64.8,70.4
2011,여자,C53,자궁경부,3832,15.3,16.9
2011,여자,C54,자궁체부,1967,7.9,8.9
2011,여자,C56,난소,2090,8.4,9.3
2011,여자,C61,전립선,0,,
2011,여자,C62,고환,0,,
2011,여자,C64,신장,1280,5.1,6.0
2011,여자,C67,방광,720,2.9,3.6
2011,여자,C70-C72,뇌 및 중추신경계,799,3.2,3.6
2011,여자,C73,갑상선,34215,136.7,145.2
2011,여자,C81,호지킨림프종,98,0.4,0.4
2011,여자,"C82-C86,C96",비호지킨림프종,1533,6.1,7.1
2011,여자,C90,다발성 골수종,471,1.9,2.3
2011,여자,C91-C95,백혈병,1299,5.2,5.6
2011,여자,Re.C00-C96,기타 암,7085,28.3,33.5
2012,남녀전체,C00-C96,모든암,228937,454.7,562.6
2012,남녀전체,C00-C14,"입술, 구강 및 인두",3022,6.0,7.5
2012,남녀전체,C15,식도,2394,4.8,6.4
2012,남녀전체,C16,위,31228,62.0,79.9
2012,남녀전체,C18-C20,대장,29635,58.9,76.6
2012,남녀전체,C22,간,16194,32.2,41.2
2012,남녀전체,C23-C24,담낭 및 기타담도,5581,11.1,15.4
2012,남녀전체,C25,췌장,5527,11.0,14.9
2012,남녀전체,C32,후두,1132,2.2,3.0
2012,남녀전체,C33-C34,폐,22565,44.8,61.3
2012,남녀전체,C50,유방,16918,33.6,36.9
2012,남녀전체,C53,자궁경부,3709,7.4,8.3
2012,남녀전체,C54,자궁체부,2014,4.0,4.6
2012,남녀전체,C56,난소,2246,4.5,5.2
2012,남녀전체,C61,전립선,9473,18.8,25.9
2012,남녀전체,C62,고환,248,0.5,0.5
2012,남녀전체,C64,신장,4228,8.4,10.3
2012,남녀전체,C67,방광,3655,7.3,9.9
2012,남녀전체,C70-C72,뇌 및 중추신경계,1756,3.5,4.0
2012,남녀전체,C73,갑상선,44716,88.8,94.1
2012,남녀전체,C81,호지킨림프종,269,0.5,0.6
2012,남녀전체,"C82-C86,C96",비호지킨림프종,3695,7.3,8.9
2012,남녀전체,C90,다발성 골수종,1294,2.6,3.4
2012,남녀전체,C91-C95,백혈병,2959,5.9,6.7
2012,남녀전체,Re.C00-C96,기타 암,14479,28.8,37.1
2012,남자,C00-C96,모든암,114729,455.5,672.6
2012,남자,C00-C14,"입술, 구강 및 인두",2210,8.8,12.1
2012,남자,C15,식도,2167,8.6,13.3
2012,남자,C16,위,21086,83.7,121.9
2012,남자,C18-C20,대장,17832,70.8,104.3
2012,남자,C22,간,12138,48.2,67.7
2012,남자,C23-C24,담낭 및 기타담도,2863,11.4,19.0
2012,남자,C25,췌장,3005,11.9,18.8
2012,남자,C32,후두,1068,4.2,6.5
2012,남자,C33-C34,폐,15652,62.1,102.9
2012,남자,C50,유방,71,0.3,0.4
2012,남자,C53,자궁경부,0,,
2012,남자,C54,자궁체부,0,,
2012,남자,C56,난소,0,,
2012,남자,C61,전립선,9473,37.6,63.0
2012,남자,C62,고환,248,1.0,0.9
2012,남자,C64,신장,2930,11.6,15.5
2012,남자,C67,방광,2941,11.7,19.6
2012,남자,C70-C72,뇌 및 중추신경계,958,3.8,4.6
2012,남자,C73,갑상선,8185,32.5,34.7
2012,남자,C81,호지킨림프종,179,0.7,0.8
2012,남자,"C82-C86,C96",비호지킨림프종,2152,8.5,11.7
2012,남자,C90,다발성 골수종,707,2.8,4.3
2012,남자,C91-C95,백혈병,1670,6.6,8.5
2012,남자,Re.C00-C96,기타 암,7194,28.6,42.4
2012,여자,C00-C96,모든암,114208,454.0,505.6
2012,여자,C00-C14,"입술, 구강 및 인두",812,3.2,3.7
2012,여자,C15,식도,227,0.9,1.1
2012,여자,C16,위,10142,40.3,46.5
2012,여자,C18-C20,대장,11803,46.9,55.1
2012,여자,C22,간,4056,16.1,19.2
2012,여자,C23-C24,담낭 및 기타담도,2718,10.8,13.0
2012,여자,C25,췌장,2522,10.0,11.9
2012,여자,C32,후두,64,0.3,0.3
2012,여자,C33-C34,폐,6913,27.5,32.9
2012,여자,C50,유방,16847,67.0,72.2
2012,여자,C53,자궁경부,3709,14.7,15.9
2012,여자,C54,자궁체부,2014,8.0,9.0
2012,여자,C56,난소,2246,8.9,9.9
2012,여자,C61,전립선,0,,
2012,여자,C62,고환,0,,
2012,여자,C64,신장,1298,5.2,6.0
2012,여자,C67,방광,714,2.8,3.4
2012,여자,C70-C72,뇌 및 중추신경계,798,3.2,3.4
2012,여자,C73,갑상선,36531,145.2,153.3
2012,여자,C81,호지킨림프종,90,0.4,0.4
2012,여자,"C82-C86,C96",비호지킨림프종,1543,6.1,6.8
2012,여자,C90,다발성 골수종,587,2.3,2.8
2012,여자,C91-C95,백혈병,1289,5.1,5.5
2012,여자,Re.C00-C96,기타 암,7285,29.0,33.3
2013,남녀전체,C00-C96,모든암,229846,454.6,546.0
2013,남녀전체,C00-C14,"입술, 구강 및 인두",3132,6.2,7.5
2013,남녀전체,C15,식도,2409,4.8,6.2
2013,남녀전체,C16,위,30574,60.5,75.4
2013,남녀전체,C18-C20,대장,28256,55.9,70.5
2013,남녀전체,C22,간,16068,31.8,39.4
2013,남녀전체,C23-C24,담낭 및 기타담도,5811,11.5,15.3
2013,남녀전체,C25,췌장,5598,11.1,14.4
2013,남녀전체,C32,후두,1227,2.4,3.1
2013,남녀전체,C33-C34,폐,23564,46.6,61.0
2013,남녀전체,C50,유방,17629,34.9,37.5
2013,남녀전체,C53,자궁경부,3747,7.4,8.2
2013,남녀전체,C54,자궁체부,2259,4.5,5.0
2013,남녀전체,C56,난소,2317,4.6,5.2
2013,남녀전체,C61,전립선,9788,19.4,25.4
2013,남녀전체,C62,고환,258,0.5,0.5
2013,남녀전체,C64,신장,4400,8.7,10.4
2013,남녀전체,C67,방광,3908,7.7,10.1
2013,남녀전체,C70-C72,뇌 및 중추신경계,1883,3.7,4.2
2013,남녀전체,C73,갑상선,43088,85.2,88.7
2013,남녀전체,C81,호지킨림프종,266,0.5,0.6
2013,남녀전체,"C82-C86,C96",비호지킨림프종,3963,7.8,9.3
2013,남녀전체,C90,다발성 골수종,1357,2.7,3.4
2013,남녀전체,C91-C95,백혈병,3124,6.2,6.9
2013,남녀전체,Re.C00-C96,기타 암,15220,30.1,37.6
2013,남자,C00-C96,모든암,116002,458.8,651.9
2013,남자,C00-C14,"입술, 구강 및 인두",2247,8.9,11.9
2013,남자,C15,식도,2208,8.7,13.0
2013,남자,C16,위,20529,81.2,114.6
2013,남자,C18-C20,대장,16989,67.2,96.2
2013,남자,C22,간,12055,47.7,64.5
2013,남자,C23-C24,담낭 및 기타담도,3015,11.9,19.0
2013,남자,C25,췌장,3019,11.9,18.0
2013,남자,C32,후두,1142,4.5,6.6
2013,남자,C33-C34,폐,16438,65.0,102.5
2013,남자,C50,유방,63,0.2,0.4
2013,남자,C53,자궁경부,0,,
2013,남자,C54,자궁체부,0,,
2013,남자,C56,난소,0,,
2013,남자,C61,전립선,9788,38.7,60.8
2013,남자,C62,고환,258,1.0,0.9
2013,남자,C64,신장,3032,12.0,15.5
2013,남자,C67,방광,3141,12.4,19.6
2013,남자,C70-C72,뇌 및 중추신경계,966,3.8,4.7
2013,남자,C73,갑상선,8570,33.9,35.3
2013,남자,C81,호지킨림프종,172,0.7,0.8
2013,남자,"C82-C86,C96",비호지킨림프종,2280,9.0,11.9
2013,남자,C90,다발성 골수종,709,2.8,4.1
2013,남자,C91-C95,백혈병,1793,7.1,8.7
2013,남자,Re.C00-C96,기타 암,7588,30.0,42.8
2013,여자,C00-C96,모든암,113844,450.4,489.8
2013,여자,C00-C14,"입술, 구강 및 인두",885,3.5,3.9
2013,여자,C15,식도,201,0.8,0.9
2013,여자,C16,위,10045,39.7,44.5
2013,여자,C18-C20,대장,11267,44.6,50.6
2013,여자,C22,간,4013,15.9,18.2
2013,여자,C23-C24,담낭 및 기타담도,2796,11.1,12.7
2013,여자,C25,췌장,2579,10.2,11.7
2013,여자,C32,후두,85,0.3,0.4
2013,여자,C33-C34,폐,7126,28.2,32.4
2013,여자,C50,유방,17566,69.5,73.6
2013,여자,C53,자궁경부,3747,14.8,15.6
2013,여자,C54,자궁체부,2259,8.9,9.8
2013,여자,C56,난소,2317,9.2,9.9
2013,여자,C61,전립선,0,,
2013,여자,C62,고환,0,,
2013,여자,C64,신장,1368,5.4,6.1
2013,여자,C67,방광,767,3.0,3.5
2013,여자,C70-C72,뇌 및 중추신경계,917,3.6,3.9
2013,여자,C73,갑상선,34518,136.6,142.1
2013,여자,C81,호지킨림프종,94,0.4,0.4
2013,여자,"C82-C86,C96",비호지킨림프종,1683,6.7,7.3
2013,여자,C90,다발성 골수종,648,2.6,3.0
2013,여자,C91-C95,백혈병,1331,5.3,5.6
2013,여자,Re.C00-C96,기타 암,7632,30.2,33.7
2014,남녀전체,C00-C96,모든암,221367,436.1,513.4
2014,남녀전체,C00-C14,"입술, 구강 및 인두",3301,6.5,7.6
2014,남녀전체,C15,식도,2395,4.7,5.9
2014,남녀전체,C16,위,30241,59.6,72.1
2014,남녀전체,C18-C20,대장,27562,54.3,66.3
2014,남녀전체,C22,간,15977,31.5,37.9
2014,남녀전체,C23-C24,담낭 및 기타담도,6142,12.1,15.5
2014,남녀전체,C25,췌장,6061,11.9,15.0
2014,남녀전체,C32,후두,1137,2.2,2.8
2014,남녀전체,C33-C34,폐,24441,48.1,60.8
2014,남녀전체,C50,유방,18631,36.7,39.1
2014,남녀전체,C53,자궁경부,3612,7.1,7.7
2014,남녀전체,C54,자궁체부,2253,4.4,4.8
2014,남녀전체,C56,난소,2511,4.9,5.5
2014,남녀전체,C61,전립선,10046,19.8,25.1
2014,남녀전체,C62,고환,261,0.5,0.5
2014,남녀전체,C64,신장,4571,9.0,10.5
2014,남녀전체,C67,방광,4106,8.1,10.2
2014,남녀전체,C70-C72,뇌 및 중추신경계,1787,3.5,3.9
2014,남녀전체,C73,갑상선,31296,61.7,63.6
2014,남녀전체,C81,호지킨림프종,281,0.6,0.6
2014,남녀전체,"C82-C86,C96",비호지킨림프종,4057,8.0,9.3
2014,남녀전체,C90,다발성 골수종,1429,2.8,3.5
2014,남녀전체,C91-C95,백혈병,3173,6.3,6.9
2014,남녀전체,Re.C00-C96,기타 암,16096,31.7,38.3
2014,남자,C00-C96,모든암,115197,454.0,626.8
2014,남자,C00-C14,"입술, 구강 및 인두",2333,9.2,11.9
2014,남자,C15,식도,2177,8.6,12.1
2014,남자,C16,위,20346,80.2,109.2
2014,남자,C18-C20,대장,16542,65.2,89.9
2014,남자,C22,간,11949,47.1,61.9
2014,남자,C23-C24,담낭 및 기타담도,3187,12.6,19.1
2014,남자,C25,췌장,3250,12.8,18.5
2014,남자,C32,후두,1074,4.2,6.0
2014,남자,C33-C34,폐,17051,67.2,102.1
2014,남자,C50,유방,78,0.3,0.5
2014,남자,C53,자궁경부,0,,
2014,남자,C54,자궁체부,0,,
2014,남자,C56,난소,0,,
2014,남자,C61,전립선,10046,39.6,59.8
2014,남자,C62,고환,261,1.0,1.0
2014,남자,C64,신장,3172,12.5,15.8
2014,남자,C67,방광,3313,13.1,19.8
2014,남자,C70-C72,뇌 및 중추신경계,946,3.7,4.5
2014,남자,C73,갑상선,6285,24.8,25.7
2014,남자,C81,호지킨림프종,171,0.7,0.7
2014,남자,"C82-C86,C96",비호지킨림프종,2363,9.3,11.9
2014,남자,C90,다발성 골수종,776,3.1,4.3
2014,남자,C91-C95,백혈병,1826,7.2,8.6
2014,남자,Re.C00-C96,기타 암,8051,31.7,43.6
2014,여자,C00-C96,모든암,106170,418.2,447.1
2014,여자,C00-C14,"입술, 구강 및 인두",968,3.8,4.1
2014,여자,C15,식도,218,0.9,1.0
2014,여자,C16,위,9895,39.0,42.5
2014,여자,C18-C20,대장,11020,43.4,47.8
2014,여자,C22,간,4028,15.9,17.6
2014,여자,C23-C24,담낭 및 기타담도,2955,11.6,12.9
2014,여자,C25,췌장,2811,11.1,12.2
2014,여자,C32,후두,63,0.2,0.3
2014,여자,C33-C34,폐,7390,29.1,32.3
2014,여자,C50,유방,18553,73.1,76.6
2014,여자,C53,자궁경부,3612,14.2,14.8
2014,여자,C54,자궁체부,2253,8.9,9.5
2014,여자,C56,난소,2511,9.9,10.5
2014,여자,C61,전립선,0,,
2014,여자,C62,고환,0,,
2014,여자,C64,신장,1399,5.5,6.1
2014,여자,C67,방광,793,3.1,3.4
2014,여자,C70-C72,뇌 및 중추신경계,841,3.3,3.5
2014,여자,C73,갑상선,25011,98.5,101.6
2014,여자,C81,호지킨림프종,110,0.4,0.4
2014,여자,"C82-C86,C96",비호지킨림프종,1694,6.7,7.2
2014,여자,C90,다발성 골수종,653,2.6,2.9
2014,여자,C91-C95,백혈병,1347,5.3,5.5
2014,여자,Re.C00-C96,기타 암,8045,31.7,34.4
2015,남녀전체,C00-C96,모든암,218918,429.7,493.5
2015,남녀전체,C00-C14,"입술, 구강 및 인두",3385,6.6,7.6
2015,남녀전체,C15,식도,2468,4.8,5.8
2015,남녀전체,C16,위,29545,58.0,68.0
2015,남녀전체,C18-C20,대장,27337,53.7,63.4
2015,남녀전체,C22,간,16014,31.4,36.8
2015,남녀전체,C23-C24,담낭 및 기타담도,6332,12.4,15.3
2015,남녀전체,C25,췌장,6431,12.6,15.3
2015,남녀전체,C32,후두,1162,2.3,2.7
2015,남녀전체,C33-C34,폐,24723,48.5,58.9
2015,남녀전체,C50,유방,19481,38.2,40.3
2015,남녀전체,C53,자궁경부,3689,7.2,7.7
2015,남녀전체,C54,자궁체부,2447,4.8,5.2
2015,남녀전체,C56,난소,2526,5.0,5.4
2015,남녀전체,C61,전립선,10464,20.5,25.1
2015,남녀전체,C62,고환,289,0.6,0.5
2015,남녀전체,C64,신장,4639,9.1,10.3
2015,남녀전체,C67,방광,4166,8.2,9.9
2015,남녀전체,C70-C72,뇌 및 중추신경계,1828,3.6,3.9
2015,남녀전체,C73,갑상선,25558,50.2,51.4
2015,남녀전체,C81,호지킨림프종,273,0.5,0.6
2015,남녀전체,"C82-C86,C96",비호지킨림프종,4392,8.6,9.8
2015,남녀전체,C90,다발성 골수종,1483,2.9,3.5
2015,남녀전체,C91-C95,백혈병,3345,6.6,7.1
2015,남녀전체,Re.C00-C96,기타 암,16941,33.2,38.9
2015,남자,C00-C96,모든암,115483,453.6,604.5
2015,남자,C00-C14,"입술, 구강 및 인두",2443,9.6,12.0
2015,남자,C15,식도,2245,8.8,12.1
2015,남자,C16,위,19808,77.8,101.9
2015,남자,C18-C20,대장,16231,63.8,84.8
2015,남자,C22,간,11911,46.8,59.7
2015,남자,C23-C24,담낭 및 기타담도,3264,12.8,18.8
2015,남자,C25,췌장,3405,13.4,18.6
2015,남자,C32,후두,1095,4.3,5.8
2015,남자,C33-C34,폐,17299,68.0,98.3
2015,남자,C50,유방,79,0.3,0.4
2015,남자,C53,자궁경부,0,,
2015,남자,C54,자궁체부,0,,
2015,남자,C56,난소,0,,
2015,남자,C61,전립선,10464,41.1,59.3
2015,남자,C62,고환,289,1.1,1.1
2015,남자,C64,신장,3191,12.5,15.3
2015,남자,C67,방광,3349,13.2,19.2
2015,남자,C70-C72,뇌 및 중추신경계,982,3.9,4.5
2015,남자,C73,갑상선,5483,21.5,22.1
2015,남자,C81,호지킨림프종,174,0.7,0.8
2015,남자,"C82-C86,C96",비호지킨림프종,2520,9.9,12.3
2015,남자,C90,다발성 골수종,777,3.1,4.2
2015,남자,C91-C95,백혈병,1901,7.5,8.6
2015,남자,Re.C00-C96,기타 암,8573,33.7,44.9
2015,여자,C00-C96,모든암,103435,405.7,426.0
2015,여자,C00-C14,"입술, 구강 및 인두",942,3.7,3.9
2015,여자,C15,식도,223,0.9,0.9
2015,여자,C16,위,9737,38.2,40.6
2015,여자,C18-C20,대장,11106,43.6,46.5
2015,여자,C22,간,4103,16.1,17.3
2015,여자,C23-C24,담낭 및 기타담도,3068,12.0,12.9
2015,여자,C25,췌장,3026,11.9,12.7
2015,여자,C32,후두,67,0.3,0.3
2015,여자,C33-C34,폐,7424,29.1,31.2
2015,여자,C50,유방,19402,76.1,79.2
2015,여자,C53,자궁경부,3689,14.5,14.9
2015,여자,C54,자궁체부,2447,9.6,10.2
2015,여자,C56,난소,2526,9.9,10.4
2015,여자,C61,전립선,0,,
2015,여자,C62,고환,0,,
2015,여자,C64,신장,1448,5.7,6.1
2015,여자,C67,방광,817,3.2,3.4
2015,여자,C70-C72,뇌 및 중추신경계,846,3.3,3.5
2015,여자,C73,갑상선,20075,78.7,80.7
2015,여자,C81,호지킨림프종,99,0.4,0.4
2015,여자,"C82-C86,C96",비호지킨림프종,1872,7.3,7.7
2015,여자,C90,다발성 골수종,706,2.8,3.0
2015,여자,C91-C95,백혈병,1444,5.7,5.8
2015,여자,Re.C00-C96,기타 암,8368,32.8,34.5
2016,남녀전체,C00-C96,모든암,233699,457.2,511.6
2016,남녀전체,C00-C14,"입술, 구강 및 인두",3640,7.1,7.9
2016,남녀전체,C15,식도,2540,5.0,5.8
2016,남녀전체,C16,위,30877,60.4,68.8
2016,남녀전체,C18-C20,대장,28709,56.2,64.5
2016,남녀전체,C22,간,16031,31.4,35.6
2016,남녀전체,C23-C24,담낭 및 기타담도,6779,13.3,15.7
2016,남녀전체,C25,췌장,6787,13.3,15.5
2016,남녀전체,C32,후두,1191,2.3,2.7
2016,남녀전체,C33-C34,폐,26304,51.5,60.3
2016,남녀전체,C50,유방,22090,43.2,45.1
2016,남녀전체,C53,자궁경부,3648,7.1,7.5
2016,남녀전체,C54,자궁체부,2806,5.5,5.8
2016,남녀전체,C56,난소,2717,5.3,5.7
2016,남녀전체,C61,전립선,12094,23.7,27.9
2016,남녀전체,C62,고환,293,0.6,0.6
2016,남녀전체,C64,신장,5137,10.1,11.1
2016,남녀전체,C67,방광,4491,8.8,10.3
2016,남녀전체,C70-C72,뇌 및 중추신경계,2074,4.1,4.4
2016,남녀전체,C73,갑상선,26661,52.2,53.0
2016,남녀전체,C81,호지킨림프종,315,0.6,0.6
2016,남녀전체,"C82-C86,C96",비호지킨림프종,4765,9.3,10.3
2016,남녀전체,C90,다발성 골수종,1566,3.1,3.5
2016,남녀전체,C91-C95,백혈병,3506,6.9,7.3
2016,남녀전체,Re.C00-C96,기타 암,18678,36.5,41.6
2016,남자,C00-C96,모든암,122459,479.7,617.1
2016,남자,C00-C14,"입술, 구강 및 인두",2591,10.1,12.2
2016,남자,C15,식도,2284,8.9,11.9
2016,남자,C16,위,20757,81.3,102.6
2016,남자,C18-C20,대장,17033,66.7,85.7
2016,남자,C22,간,11948,46.8,58.0
2016,남자,C23-C24,담낭 및 기타담도,3542,13.9,19.6
2016,남자,C25,췌장,3443,13.5,17.8
2016,남자,C32,후두,1123,4.4,5.7
2016,남자,C33-C34,폐,18146,71.1,98.5
2016,남자,C50,유방,95,0.4,0.5
2016,남자,C53,자궁경부,0,,
2016,남자,C54,자궁체부,0,,
2016,남자,C56,난소,0,,
2016,남자,C61,전립선,12094,47.4,65.2
2016,남자,C62,고환,293,1.1,1.1
2016,남자,C64,신장,3471,13.6,15.9
2016,남자,C67,방광,3597,14.1,19.8
2016,남자,C70-C72,뇌 및 중추신경계,1135,4.4,5.1
2016,남자,C73,갑상선,5676,22.2,22.6
2016,남자,C81,호지킨림프종,205,0.8,0.9
2016,남자,"C82-C86,C96",비호지킨림프종,2765,10.8,13.2
2016,남자,C90,다발성 골수종,848,3.3,4.3
2016,남자,C91-C95,백혈병,2045,8.0,9.4
2016,남자,Re.C00-C96,기타 암,9368,36.7,47.3
2016,여자,C00-C96,모든암,111240,434.8,448.0
2016,여자,C00-C14,"입술, 구강 및 인두",1049,4.1,4.2
2016,여자,C15,식도,256,1.0,1.0
2016,여자,C16,위,10120,39.6,41.0
2016,여자,C18-C20,대장,11676,45.6,47.3
2016,여자,C22,간,4083,16.0,16.6
2016,여자,C23-C24,담낭 및 기타담도,3237,12.7,13.0
2016,여자,C25,췌장,3344,13.1,13.5
2016,여자,C32,후두,68,0.3,0.3
2016,여자,C33-C34,폐,8158,31.9,33.2
2016,여자,C50,유방,21995,86.0,88.5
2016,여자,C53,자궁경부,3648,14.3,14.5
2016,여자,C54,자궁체부,2806,11.0,11.5
2016,여자,C56,난소,2717,10.6,11.0
2016,여자,C61,전립선,0,,
2016,여자,C62,고환,0,,
2016,여자,C64,신장,1666,6.5,6.8
2016,여자,C67,방광,894,3.5,3.6
2016,여자,C70-C72,뇌 및 중추신경계,939,3.7,3.7
2016,여자,C73,갑상선,20985,82.0,83.7
2016,여자,C81,호지킨림프종,110,0.4,0.4
2016,여자,"C82-C86,C96",비호지킨림프종,2000,7.8,8.1
2016,여자,C90,다발성 골수종,718,2.8,3.0
2016,여자,C91-C95,백혈병,1461,5.7,5.8
2016,여자,Re.C00-C96,기타 암,9310,36.4,37.3
2017,남녀전체,C00-C96,모든암,237599,463.8,504.3
2017,남녀전체,C00-C14,"입술, 구강 및 인두",3769,7.4,8.0
2017,남녀전체,C15,식도,2543,5.0,5.6
2017,남녀전체,C16,위,30250,59.0,65.0
2017,남녀전체,C18-C20,대장,28851,56.3,62.4
2017,남녀전체,C22,간,15754,30.8,33.8
2017,남녀전체,C23-C24,담낭 및 기타담도,6945,13.6,15.4
2017,남녀전체,C25,췌장,7171,14.0,15.7
2017,남녀전체,C32,후두,1249,2.4,2.7
2017,남녀전체,C33-C34,폐,27503,53.7,60.5
2017,남녀전체,C50,유방,22782,44.5,45.9
2017,남녀전체,C53,자궁경부,3558,6.9,7.2
2017,남녀전체,C54,자궁체부,3019,5.9,6.2
2017,남녀전체,C56,난소,2802,5.5,5.7
2017,남녀전체,C61,전립선,13126,25.6,29.0
2017,남녀전체,C62,고환,263,0.5,0.5
2017,남녀전체,C64,신장,5442,10.6,11.4
2017,남녀전체,C67,방광,4528,8.8,10.0
2017,남녀전체,C70-C72,뇌 및 중추신경계,2003,3.9,4.1
2017,남녀전체,C73,갑상선,26832,52.4,53.0
2017,남녀전체,C81,호지킨림프종,289,0.6,0.6
2017,남녀전체,"C82-C86,C96",비호지킨림프종,4765,9.3,10.1
2017,남녀전체,C90,다발성 골수종,1651,3.2,3.6
2017,남녀전체,C91-C95,백혈병,3469,6.8,7.1
2017,남녀전체,Re.C00-C96,기타 암,19035,37.2,40.9
2017,남자,C00-C96,모든암,125056,488.9,606.1
2017,남자,C00-C14,"입술, 구강 및 인두",2698,10.5,12.5
2017,남자,C15,식도,2293,9.0,11.3
2017,남자,C16,위,20297,79.4,96.8
2017,남자,C18-C20,대장,17080,66.8,82.7
2017,남자,C22,간,11756,46.0,55.0
2017,남자,C23-C24,담낭 및 기타담도,3612,14.1,19.0
2017,남자,C25,췌장,3790,14.8,18.7
2017,남자,C32,후두,1170,4.6,5.7
2017,남자,C33-C34,폐,18996,74.3,98.0
2017,남자,C50,유방,99,0.4,0.5
2017,남자,C53,자궁경부,0,,
2017,남자,C54,자궁체부,0,,
2017,남자,C56,난소,0,,
2017,남자,C61,전립선,13126,51.3,67.5
2017,남자,C62,고환,263,1.0,1.0
2017,남자,C64,신장,3713,14.5,16.6
2017,남자,C67,방광,3646,14.3,19.1
2017,남자,C70-C72,뇌 및 중추신경계,1064,4.2,4.7
2017,남자,C73,갑상선,6173,24.1,24.3
2017,남자,C81,호지킨림프종,172,0.7,0.7
2017,남자,"C82-C86,C96",비호지킨림프종,2705,10.6,12.6
2017,남자,C90,다발성 골수종,866,3.4,4.3
2017,남자,C91-C95,백혈병,1978,7.7,8.7
2017,남자,Re.C00-C96,기타 암,9559,37.4,46.6
2017,여자,C00-C96,모든암,112543,438.7,443.2
2017,여자,C00-C14,"입술, 구강 및 인두",1071,4.2,4.2
2017,여자,C15,식도,250,1.0,1.0
2017,여자,C16,위,9953,38.8,39.1
2017,여자,C18-C20,대장,11771,45.9,46.0
2017,여자,C22,간,3998,15.6,15.6
2017,여자,C23-C24,담낭 및 기타담도,3333,13.0,12.8
2017,여자,C25,췌장,3381,13.2,13.1
2017,여자,C32,후두,79,0.3,0.3
2017,여자,C33-C34,폐,8507,33.2,33.4
2017,여자,C50,유방,22683,88.4,90.3
2017,여자,C53,자궁경부,3558,13.9,14.0
2017,여자,C54,자궁체부,3019,11.8,12.1
2017,여자,C56,난소,2802,10.9,11.1
2017,여자,C61,전립선,0,,
2017,여자,C62,고환,0,,
2017,여자,C64,신장,1729,6.7,6.9
2017,여자,C67,방광,882,3.4,3.4
2017,여자,C70-C72,뇌 및 중추신경계,939,3.7,3.7
2017,여자,C73,갑상선,20659,80.5,81.9
2017,여자,C81,호지킨림프종,117,0.5,0.5
2017,여자,"C82-C86,C96",비호지킨림프종,2060,8.0,8.1
2017,여자,C90,다발성 골수종,785,3.1,3.1
2017,여자,C91-C95,백혈병,1491,5.8,5.8
2017,여자,Re.C00-C96,기타 암,9476,36.9,36.7
2018,남녀전체,C00-C96,모든암,248277,484.0,511.4
2018,남녀전체,C00-C14,"입술, 구강 및 인두",3883,7.6,8.0
2018,남녀전체,C15,식도,2732,5.3,5.7
2018,남녀전체,C16,위,29687,57.9,61.7
2018,남녀전체,C18-C20,대장,28602,55.8,59.6
2018,남녀전체,C22,간,15947,31.1,33.1
2018,남녀전체,C23-C24,담낭 및 기타담도,7285,14.2,15.5
2018,남녀전체,C25,췌장,7744,15.1,16.3
2018,남녀전체,C32,후두,1170,2.3,2.5
2018,남녀전체,C33-C34,폐,29095,56.7,61.3
2018,남녀전체,C50,유방,23955,46.7,47.7
2018,남녀전체,C53,자궁경부,3583,7.0,7.1
2018,남녀전체,C54,자궁체부,3218,6.3,6.5
2018,남녀전체,C56,난소,3007,5.9,6.1
2018,남녀전체,C61,전립선,15172,29.6,32.1
2018,남녀전체,C62,고환,337,0.7,0.6
2018,남녀전체,C64,신장,5555,10.8,11.4
2018,남녀전체,C67,방광,4756,9.3,10.0
2018,남녀전체,C70-C72,뇌 및 중추신경계,2066,4.0,4.2
2018,남녀전체,C73,갑상선,29068,56.7,57.0
2018,남녀전체,C81,호지킨림프종,302,0.6,0.6
2018,남녀전체,"C82-C86,C96",비호지킨림프종,5170,10.1,10.6
2018,남녀전체,C90,다발성 골수종,1734,3.4,3.6
2018,남녀전체,C91-C95,백혈병,3629,7.1,7.3
2018,남녀전체,Re.C00-C96,기타 암,20580,40.1,42.8
2018,남자,C00-C96,모든암,131119,512.1,611.2
2018,남자,C00-C14,"입술, 구강 및 인두",2796,10.9,12.4
2018,남자,C15,식도,2480,9.7,11.6
2018,남자,C16,위,20131,78.6,92.3
2018,남자,C18-C20,대장,17075,66.7,79.4
2018,남자,C22,간,11875,46.4,54.0
2018,남자,C23-C24,담낭 및 기타담도,3900,15.2,19.4
2018,남자,C25,췌장,4089,16.0,19.6
2018,남자,C32,후두,1107,4.3,5.1
2018,남자,C33-C34,폐,19832,77.5,97.5
2018,남자,C50,유방,101,0.4,0.5
2018,남자,C53,자궁경부,0,,
2018,남자,C54,자궁체부,0,,
2018,남자,C56,난소,0,,
2018,남자,C61,전립선,15172,59.3,74.1
2018,남자,C62,고환,337,1.3,1.3
2018,남자,C64,신장,3881,15.2,17.0
2018,남자,C67,방광,3798,14.8,18.9
2018,남자,C70-C72,뇌 및 중추신경계,1107,4.3,4.7
2018,남자,C73,갑상선,6831,26.7,26.8
2018,남자,C81,호지킨림프종,183,0.7,0.7
2018,남자,"C82-C86,C96",비호지킨림프종,2956,11.5,13.3
2018,남자,C90,다발성 골수종,936,3.7,4.4
2018,남자,C91-C95,백혈병,2132,8.3,9.3
2018,남자,Re.C00-C96,기타 암,10400,40.6,48.8
2018,여자,C00-C96,모든암,117158,455.9,451.4
2018,여자,C00-C14,"입술, 구강 및 인두",1087,4.2,4.2
2018,여자,C15,식도,252,1.0,1.0
2018,여자,C16,위,9556,37.2,36.5
2018,여자,C18-C20,대장,11527,44.9,43.5
2018,여자,C22,간,4072,15.8,15.3
2018,여자,C23-C24,담낭 및 기타담도,3385,13.2,12.4
2018,여자,C25,췌장,3655,14.2,13.7
2018,여자,C32,후두,63,0.2,0.2
2018,여자,C33-C34,폐,9263,36.0,35.2
2018,여자,C50,유방,23854,92.8,93.8
2018,여자,C53,자궁경부,3583,13.9,13.9
2018,여자,C54,자궁체부,3218,12.5,12.8
2018,여자,C56,난소,3007,11.7,11.8
2018,여자,C61,전립선,0,,
2018,여자,C62,고환,0,,
2018,여자,C64,신장,1674,6.5,6.5
2018,여자,C67,방광,958,3.7,3.5
2018,여자,C70-C72,뇌 및 중추신경계,959,3.7,3.7
2018,여자,C73,갑상선,22237,86.5,87.6
2018,여자,C81,호지킨림프종,119,0.5,0.5
2018,여자,"C82-C86,C96",비호지킨림프종,2214,8.6,8.5
2018,여자,C90,다발성 골수종,798,3.1,3.1
2018,여자,C91-C95,백혈병,1497,5.8,5.7
2018,여자,Re.C00-C96,기타 암,10180,39.6,38.2
2019,남녀전체,C00-C96,모든암,259351,505.2,519.4
2019,남녀전체,C00-C14,"입술, 구강 및 인두",4050,7.9,8.1
2019,남녀전체,C15,식도,2913,5.7,5.9
2019,남녀전체,C16,위,29955,58.3,60.3
2019,남녀전체,C18-C20,대장,29819,58.1,60.0
2019,남녀전체,C22,간,15844,30.9,31.9
2019,남녀전체,C23-C24,담낭 및 기타담도,7477,14.6,15.2
2019,남녀전체,C25,췌장,8208,16.0,16.6
2019,남녀전체,C32,후두,1238,2.4,2.5
2019,남녀전체,C33-C34,폐,30459,59.3,61.7
2019,남녀전체,C50,유방,25248,49.2,49.7
2019,남녀전체,C53,자궁경부,3345,6.5,6.6
2019,남녀전체,C54,자궁체부,3319,6.5,6.6
2019,남녀전체,C56,난소,2981,5.8,5.9
2019,남녀전체,C61,전립선,17146,33.4,34.9
2019,남녀전체,C62,고환,328,0.6,0.6
2019,남녀전체,C64,신장,6111,11.9,12.2
2019,남녀전체,C67,방광,5019,9.8,10.2
2019,남녀전체,C70-C72,뇌 및 중추신경계,2015,3.9,4.0
2019,남녀전체,C73,갑상선,31124,60.6,60.8
2019,남녀전체,C81,호지킨림프종,309,0.6,0.6
2019,남녀전체,"C82-C86,C96",비호지킨림프종,5360,10.4,10.7
2019,남녀전체,C90,다발성 골수종,1853,3.6,3.7
2019,남녀전체,C91-C95,백혈병,3838,7.5,7.6
2019,남녀전체,Re.C00-C96,기타 암,21392,41.7,43.0
2019,남자,C00-C96,모든암,136617,533.5,612.8
2019,남자,C00-C14,"입술, 구강 및 인두",2916,11.4,12.5
2019,남자,C15,식도,2611,10.2,11.8
2019,남자,C16,위,20033,78.2,88.7
2019,남자,C18-C20,대장,17573,68.6,78.2
2019,남자,C22,간,11692,45.7,51.3
2019,남자,C23-C24,담낭 및 기타담도,3945,15.4,18.8
2019,남자,C25,췌장,4208,16.4,19.2
2019,남자,C32,후두,1169,4.6,5.3
2019,남자,C33-C34,폐,20667,80.7,97.3
2019,남자,C50,유방,114,0.4,0.5
2019,남자,C53,자궁경부,0,,
2019,남자,C54,자궁체부,0,,
2019,남자,C56,난소,0,,
2019,남자,C61,전립선,17146,67.0,79.8
2019,남자,C62,고환,328,1.3,1.2
2019,남자,C64,신장,4215,16.5,17.7
2019,남자,C67,방광,4089,16.0,19.5
2019,남자,C70-C72,뇌 및 중추신경계,1089,4.3,4.6
2019,남자,C73,갑상선,7630,29.8,29.8
2019,남자,C81,호지킨림프종,181,0.7,0.7
2019,남자,"C82-C86,C96",비호지킨림프종,3089,12.1,13.5
2019,남자,C90,다발성 골수종,1008,3.9,4.5
2019,남자,C91-C95,백혈병,2180,8.5,9.2
2019,남자,Re.C00-C96,기타 암,10734,41.9,48.6
2019,여자,C00-C96,모든암,122734,477.0,464.3
2019,여자,C00-C14,"입술, 구강 및 인두",1134,4.4,4.3
2019,여자,C15,식도,302,1.2,1.1
2019,여자,C16,위,9922,38.6,36.8
2019,여자,C18-C20,대장,12246,47.6,44.9
2019,여자,C22,간,4152,16.1,15.2
2019,여자,C23-C24,담낭 및 기타담도,3532,13.7,12.5
2019,여자,C25,췌장,4000,15.5,14.5
2019,여자,C32,후두,69,0.3,0.3
2019,여자,C33-C34,폐,9792,38.1,36.0
2019,여자,C50,유방,25134,97.7,98.0
2019,여자,C53,자궁경부,3345,13.0,12.9
2019,여자,C54,자궁체부,3319,12.9,13.0
2019,여자,C56,난소,2981,11.6,11.5
2019,여자,C61,전립선,0,,
2019,여자,C62,고환,0,,
2019,여자,C64,신장,1896,7.4,7.2
2019,여자,C67,방광,930,3.6,3.3
2019,여자,C70-C72,뇌 및 중추신경계,926,3.6,3.5
2019,여자,C73,갑상선,23494,91.3,92.3
2019,여자,C81,호지킨림프종,128,0.5,0.5
2019,여자,"C82-C86,C96",비호지킨림프종,2271,8.8,8.5
2019,여자,C90,다발성 골수종,845,3.3,3.1
2019,여자,C91-C95,백혈병,1658,6.4,6.3
2019,여자,Re.C00-C96,기타 암,10658,41.4,38.9
2020,남녀전체,C00-C96,모든암,252251,491.2,491.2
2020,남녀전체,C00-C14,"입술, 구강 및 인두",4142,8.1,8.1
2020,남녀전체,C15,식도,2789,5.4,5.4
2020,남녀전체,C16,위,27017,52.6,52.6
2020,남녀전체,C18-C20,대장,28555,55.6,55.6
2020,남녀전체,C22,간,15382,30.0,30.0
2020,남녀전체,C23-C24,담낭 및 기타담도,7559,14.7,14.7
2020,남녀전체,C25,췌장,8547,16.6,16.6
2020,남녀전체,C32,후두,1221,2.4,2.4
2020,남녀전체,C33-C34,폐,29398,57.3,57.3
2020,남녀전체,C50,유방,25239,49.2,49.2
2020,남녀전체,C53,자궁경부,3071,6.0,6.0
2020,남녀전체,C54,자궁체부,3533,6.9,6.9
2020,남녀전체,C56,난소,3049,5.9,5.9
2020,남녀전체,C61,전립선,17137,33.4,33.4
2020,남녀전체,C62,고환,365,0.7,0.7
2020,남녀전체,C64,신장,6025,11.7,11.7
2020,남녀전체,C67,방광,4888,9.5,9.5
2020,남녀전체,C70-C72,뇌 및 중추신경계,2019,3.9,3.9
2020,남녀전체,C73,갑상선,29670,57.8,57.8
2020,남녀전체,C81,호지킨림프종,326,0.6,0.6
2020,남녀전체,"C82-C86,C96",비호지킨림프종,5637,11.0,11.0
2020,남녀전체,C90,다발성 골수종,1764,3.4,3.4
2020,남녀전체,C91-C95,백혈병,3679,7.2,7.2
2020,남녀전체,Re.C00-C96,기타 암,21239,41.4,41.4
2020,남자,C00-C96,모든암,132903,519.0,573.8
2020,남자,C00-C14,"입술, 구강 및 인두",2950,11.5,12.3
2020,남자,C15,식도,2491,9.7,10.7
2020,남자,C16,위,18091,70.7,77.2
2020,남자,C18-C20,대장,16903,66.0,72.4
2020,남자,C22,간,11300,44.1,48.0
2020,남자,C23-C24,담낭 및 기타담도,4067,15.9,18.6
2020,남자,C25,췌장,4390,17.1,19.2
2020,남자,C32,후두,1159,4.5,5.0
2020,남자,C33-C34,폐,19966,78.0,89.4
2020,남자,C50,유방,119,0.5,0.5
2020,남자,C53,자궁경부,0,,
2020,남자,C54,자궁체부,0,,
2020,남자,C56,난소,0,,
2020,남자,C61,전립선,17137,66.9,76.3
2020,남자,C62,고환,365,1.4,1.4
2020,남자,C64,신장,4186,16.3,17.1
2020,남자,C67,방광,3939,15.4,17.9
2020,남자,C70-C72,뇌 및 중추신경계,1081,4.2,4.4
2020,남자,C73,갑상선,7580,29.6,29.4
2020,남자,C81,호지킨림프종,216,0.8,0.9
2020,남자,"C82-C86,C96",비호지킨림프종,3238,12.6,13.7
2020,남자,C90,다발성 골수종,973,3.8,4.2
2020,남자,C91-C95,백혈병,2078,8.1,8.6
2020,남자,Re.C00-C96,기타 암,10674,41.7,46.5
2020,여자,C00-C96,모든암,119348,463.6,443.1
2020,여자,C00-C14,"입술, 구강 및 인두",1192,4.6,4.4
2020,여자,C15,식도,298,1.2,1.1
2020,여자,C16,위,8926,34.7,32.1
2020,여자,C18-C20,대장,11652,45.3,41.5
2020,여자,C22,간,4082,15.9,14.4
2020,여자,C23-C24,담낭 및 기타담도,3492,13.6,11.8
2020,여자,C25,췌장,4157,16.1,14.5
2020,여자,C32,후두,62,0.2,0.2
2020,여자,C33-C34,폐,9432,36.6,33.6
2020,여자,C50,유방,25120,97.6,97.0
2020,여자,C53,자궁경부,3071,11.9,11.7
2020,여자,C54,자궁체부,3533,13.7,13.7
2020,여자,C56,난소,3049,11.8,11.6
2020,여자,C61,전립선,0,,
2020,여자,C62,고환,0,,
2020,여자,C64,신장,1839,7.1,6.8
2020,여자,C67,방광,949,3.7,3.3
2020,여자,C70-C72,뇌 및 중추신경계,938,3.6,3.5
2020,여자,C73,갑상선,22090,85.8,86.7
2020,여자,C81,호지킨림프종,110,0.4,0.4
2020,여자,"C82-C86,C96",비호지킨림프종,2399,9.3,8.7
2020,여자,C90,다발성 골수종,791,3.1,2.8
2020,여자,C91-C95,백혈병,1601,6.2,6.0
2020,여자,Re.C00-C96,기타 암,10565,41.0,37.4
2021,남녀전체,C00-C96,모든암,282201,549.7,535.5
2021,남녀전체,C00-C14,"입술, 구강 및 인두",4464,8.7,8.5
2021,남녀전체,C15,식도,3008,5.9,5.6
2021,남녀전체,C16,위,29751,58.0,56.1
2021,남녀전체,C18-C20,대장,33432,65.1,63.2
2021,남녀전체,C22,간,15378,30.0,29.0
2021,남녀전체,C23-C24,담낭 및 기타담도,7806,15.2,14.6
2021,남녀전체,C25,췌장,9190,17.9,17.2
2021,남녀전체,C32,후두,1331,2.6,2.5
2021,남녀전체,C33-C34,폐,32211,62.7,60.4
2021,남녀전체,C50,유방,29174,56.8,56.3
2021,남녀전체,C53,자궁경부,3262,6.4,6.3
2021,남녀전체,C54,자궁체부,3789,7.4,7.3
2021,남녀전체,C56,난소,3318,6.5,6.4
2021,남녀전체,C61,전립선,19010,37.0,35.6
2021,남녀전체,C62,고환,350,0.7,0.7
2021,남녀전체,C64,신장,6967,13.6,13.2
2021,남녀전체,C67,방광,5279,10.3,9.9
2021,남녀전체,C70-C72,뇌 및 중추신경계,2118,4.1,4.1
2021,남녀전체,C73,갑상선,35611,69.4,69.2
2021,남녀전체,C81,호지킨림프종,356,0.7,0.7
2021,남녀전체,"C82-C86,C96",비호지킨림프종,5779,11.3,11.0
2021,남녀전체,C90,다발성 골수종,2052,4.0,3.9
2021,남녀전체,C91-C95,백혈병,4045,7.9,7.7
2021,남녀전체,Re.C00-C96,기타 암,24520,47.8,46.3
2021,남자,C00-C96,모든암,146238,571.5,607.7
2021,남자,C00-C14,"입술, 구강 및 인두",3229,12.6,13.0
2021,남자,C15,식도,2661,10.4,10.9
2021,남자,C16,위,19788,77.3,81.3
2021,남자,C18-C20,대장,19529,76.3,80.3
2021,남자,C22,간,11364,44.4,46.8
2021,남자,C23-C24,담낭 및 기타담도,4182,16.3,18.1
2021,남자,C25,췌장,4743,18.5,19.9
2021,남자,C32,후두,1255,4.9,5.2
2021,남자,C33-C34,폐,21594,84.4,92.5
2021,남자,C50,유방,141,0.6,0.6
2021,남자,C53,자궁경부,0,,
2021,남자,C54,자궁체부,0,,
2021,남자,C56,난소,0,,
2021,남자,C61,전립선,19010,74.3,80.7
2021,남자,C62,고환,350,1.4,1.3
2021,남자,C64,신장,4829,18.9,19.3
2021,남자,C67,방광,4290,16.8,18.7
2021,남자,C70-C72,뇌 및 중추신경계,1145,4.5,4.6
2021,남자,C73,갑상선,8849,34.6,34.2
2021,남자,C81,호지킨림프종,244,1.0,1.0
2021,남자,"C82-C86,C96",비호지킨림프종,3324,13.0,13.7
2021,남자,C90,다발성 골수종,1116,4.4,4.7
2021,남자,C91-C95,백혈병,2332,9.1,9.5
2021,남자,Re.C00-C96,기타 암,12263,47.9,51.6
2021,여자,C00-C96,모든암,135963,528.1,497.0
2021,여자,C00-C14,"입술, 구강 및 인두",1235,4.8,4.4
2021,여자,C15,식도,347,1.3,1.2
2021,여자,C16,위,9963,38.7,34.9
2021,여자,C18-C20,대장,13903,54.0,48.6
2021,여자,C22,간,4014,15.6,13.6
2021,여자,C23-C24,담낭 및 기타담도,3624,14.1,11.8
2021,여자,C25,췌장,4447,17.3,15.0
2021,여자,C32,후두,76,0.3,0.3
2021,여자,C33-C34,폐,10617,41.2,36.6
2021,여자,C50,유방,29033,112.8,111.1
2021,여자,C53,자궁경부,3262,12.7,12.4
2021,여자,C54,자궁체부,3789,14.7,14.5
2021,여자,C56,난소,3318,12.9,12.4
2021,여자,C61,전립선,0,,
2021,여자,C62,고환,0,,
2021,여자,C64,신장,2138,8.3,7.8
2021,여자,C67,방광,989,3.8,3.3
2021,여자,C70-C72,뇌 및 중추신경계,973,3.8,3.5
2021,여자,C73,갑상선,26762,104.0,104.9
2021,여자,C81,호지킨림프종,112,0.4,0.4
2021,여자,"C82-C86,C96",비호지킨림프종,2455,9.5,8.7
2021,여자,C90,다발성 골수종,936,3.6,3.2
2021,여자,C91-C95,백혈병,1713,6.7,6.3
2021,여자,Re.C00-C96,기타 암,12257,47.6,42.1
2022,남녀전체,C00-C96,모든암,282047,550.2,522.7
2022,남녀전체,C00-C14,"입술, 구강 및 인두",4684,9.1,8.7
2022,남녀전체,C15,식도,3044,5.9,5.5
2022,남녀전체,C16,위,29487,57.5,54.0
2022,남녀전체,C18-C20,대장,33158,64.7,61.1
2022,남녀전체,C22,간,14913,29.1,27.3
2022,남녀전체,C23-C24,담낭 및 기타담도,7848,15.3,14.1
2022,남녀전체,C25,췌장,9780,19.1,17.8
2022,남녀전체,C32,후두,1229,2.4,2.2
2022,남녀전체,C33-C34,폐,32313,63.0,58.4
2022,남녀전체,C50,유방,29528,57.6,56.5
2022,남녀전체,C53,자궁경부,3174,6.2,6.1
2022,남녀전체,C54,자궁체부,3958,7.7,7.5
2022,남녀전체,C56,난소,3263,6.4,6.2
2022,남녀전체,C61,전립선,20754,40.5,37.4
2022,남녀전체,C62,고환,355,0.7,0.7
2022,남녀전체,C64,신장,6963,13.6,13.0
2022,남녀전체,C67,방광,5261,10.3,9.5
2022,남녀전체,C70-C72,뇌 및 중추신경계,2163,4.2,4.1
2022,남녀전체,C73,갑상선,33914,66.2,65.9
2022,남녀전체,C81,호지킨림프종,378,0.7,0.7
2022,남녀전체,"C82-C86,C96",비호지킨림프종,6069,11.8,11.3
2022,남녀전체,C90,다발성 골수종,1961,3.8,3.6
2022,남녀전체,C91-C95,백혈병,3869,7.5,7.3
2022,남녀전체,Re.C00-C96,기타 암,23981,46.8,44.0
2022,남자,C00-C96,모든암,147468,577.4,592.2
2022,남자,C00-C14,"입술, 구강 및 인두",3356,13.1,13.2
2022,남자,C15,식도,2662,10.4,10.5
2022,남자,C16,위,19562,76.6,77.7
2022,남자,C18-C20,대장,19633,76.9,78.2
2022,남자,C22,간,10974,43.0,43.8
2022,남자,C23-C24,담낭 및 기타담도,4284,16.8,17.8
2022,남자,C25,췌장,5085,19.9,20.6
2022,남자,C32,후두,1158,4.5,4.6
2022,남자,C33-C34,폐,21646,84.8,88.6
2022,남자,C50,유방,137,0.5,0.6
2022,남자,C53,자궁경부,0,,
2022,남자,C54,자궁체부,0,,
2022,남자,C56,난소,0,,
2022,남자,C61,전립선,20754,81.3,84.2
2022,남자,C62,고환,355,1.4,1.4
2022,남자,C64,신장,4817,18.9,18.8
2022,남자,C67,방광,4197,16.4,17.5
2022,남자,C70-C72,뇌 및 중추신경계,1172,4.6,4.6
2022,남자,C73,갑상선,8576,33.6,33.1
2022,남자,C81,호지킨림프종,235,0.9,0.9
2022,남자,"C82-C86,C96",비호지킨림프종,3457,13.5,13.8
2022,남자,C90,다발성 골수종,1077,4.2,4.3
2022,남자,C91-C95,백혈병,2259,8.8,9.1
2022,남자,Re.C00-C96,기타 암,12072,47.3,49.1
2022,여자,C00-C96,모든암,134579,523.3,485.1
2022,여자,C00-C14,"입술, 구강 및 인두",1328,5.2,4.7
2022,여자,C15,식도,382,1.5,1.3
2022,여자,C16,위,9925,38.6,33.9
2022,여자,C18-C20,대장,13525,52.6,46.3
2022,여자,C22,간,3939,15.3,12.9
2022,여자,C23-C24,담낭 및 기타담도,3564,13.9,11.2
2022,여자,C25,췌장,4695,18.3,15.4
2022,여자,C32,후두,71,0.3,0.2
2022,여자,C33-C34,폐,10667,41.5,35.9
2022,여자,C50,유방,29391,114.3,111.6
2022,여자,C53,자궁경부,3174,12.3,11.9
2022,여자,C54,자궁체부,3958,15.4,15.0
2022,여자,C56,난소,3263,12.7,12.1
2022,여자,C61,전립선,0,,
2022,여자,C62,고환,0,,
2022,여자,C64,신장,2146,8.3,7.7
2022,여자,C67,방광,1064,4.1,3.4
2022,여자,C70-C72,뇌 및 중추신경계,991,3.9,3.5
2022,여자,C73,갑상선,25338,98.5,99.5
2022,여자,C81,호지킨림프종,143,0.6,0.6
2022,여자,"C82-C86,C96",비호지킨림프종,2612,10.2,9.2
2022,여자,C90,다발성 골수종,884,3.4,3.0
2022,여자,C91-C95,백혈병,1610,6.3,5.8
2022,여자,Re.C00-C96,기타 암,11909,46.3,39.9
